chemical_id,chemical_name,casrn,smiles,endpoint,chemical_class,species,genus,family,order,class_name,phylum,trophic_group,duration_h,medium,temperature_c,ph,study_year,source,effect,toxicity_value,toxicity_unit,target_log_molar,physchem_mol_wt,physchem_logp,physchem_tpsa,physchem_hba,physchem_hbd,mech_hit_rate,mech_stress_response,ctx_lab_id,is_hard_ood,known_ood
CHEM_00000,Demo chemical 0,10000-00-0,CCCOC,fish_96h_lc50,surfactant,Danio rerio,Danio,DemoFamily,DemoOrder,DemoClass,Chordata,consumer,96,freshwater,19.96639768499142,7.158782428970568,2010,demo,mortality,0.0787292481238436,mmol/L,-1.1038638961157732,310.03609566451655,4.6286776596694565,20.979296226923275,5.758795949725657,1.6222335483431587,0.12784040316728537,0.06603069756121605,3.0,False,False
CHEM_00001,Demo chemical 1,10001-00-0,CC(C)N,algae_72h_ec50,surfactant,Chlorella vulgaris,Chlorella,DemoFamily,DemoOrder,DemoClass,Chlorophyta,producer,72,freshwater,22.44508267734806,7.438188207172479,2001,demo,growth,0.05560120736468583,mmol/L,-1.2549157777321946,279.50006272659994,2.3493408790052013,77.56900602614544,3.1433443556737855,0.7182931596094163,-0.049925910986252896,0.5323091855533487,2.0,False,False
CHEM_00002,Demo chemical 2,10002-00-0,CC(=O)O,daphnia_48h_ec50,pharma,Daphnia magna,Daphnia,DemoFamily,DemoOrder,DemoClass,Arthropoda,consumer,48,freshwater,22.257944585441784,7.45442101693805,2007,demo,mortality,0.03977115385808559,mmol/L,-1.4004318088900536,284.4656802406306,6.069977121044554,51.871699672307685,2.319687046074944,0.34041502744700836,-0.8137727282478777,0.6505927878247011,5.0,False,False
CHEM_00003,Demo chemical 3,10003-00-0,c1ccccc1,daphnia_48h_ec50,uv_filter,Ceriodaphnia dubia,Ceriodaphnia,DemoFamily,DemoOrder,DemoClass,Arthropoda,consumer,48,freshwater,20.447191097549364,7.771565425228758,2016,demo,mortality,0.01057501505069811,mmol/L,-1.9757190058507463,293.4523414644156,2.701388351253567,64.6432264613344,4.135158138977783,1.2312955189519874,0.11668580914072822,0.6312882258385404,4.0,False,False
CHEM_00004,Demo chemical 4,10004-00-0,CCN,daphnia_48h_ec50,flame_retardant,Moina macrocopa,Moina,DemoFamily,DemoOrder,DemoClass,Arthropoda,consumer,48,freshwater,16.63426045676839,7.36604598800569,2002,demo,mortality,0.023271302472549008,mmol/L,-1.6331793089861133,212.37018765657638,2.73334658210799,54.49715497546632,4.3255061302100115,1.4689778650874226,-0.8658311156932432,0.711226579792855,4.0,False,False
CHEM_00005,Demo chemical 5,10005-00-0,CCCCO,fish_96h_lc50,pharma,Pimephales promelas,Pimephales,DemoFamily,DemoOrder,DemoClass,Chordata,consumer,96,freshwater,20.28485147214113,7.776194141627108,2008,demo,mortality,0.00045869304447371066,mmol/L,-3.3384778453696287,318.6380705005723,3.270434810142062,34.48627353324156,3.1454947073269315,1.1268317528613714,-1.1332872140034806,0.6255903939673367,2.0,False,False
CHEM_00006,Demo chemical 6,10006-00-0,CC(C)N,daphnia_48h_ec50,uv_filter,Ceriodaphnia dubia,Ceriodaphnia,DemoFamily,DemoOrder,DemoClass,Arthropoda,consumer,48,freshwater,20.024988237455375,7.692298663562363,2018,demo,mortality,0.023511861847340568,mmol/L,-1.6287129787861552,197.0459247146679,3.0643353841219136,52.365242120033415,4.893062352059888,1.532308087178229,0.4869724807855818,-0.09848548450942361,2.0,False,False
CHEM_00007,Demo chemical 7,10007-00-0,CCOC(=O)C,fish_96h_lc50,flame_retardant,Pimephales promelas,Pimephales,DemoFamily,DemoOrder,DemoClass,Chordata,consumer,96,freshwater,22.59845659557213,7.35749441157543,2005,demo,mortality,0.0231507962168926,mmol/L,-1.6354340678574135,134.23100220615302,1.9127604651747172,40.05506344797037,5.475031136934173,0.25310585599209834,0.3997742267234366,-0.20543755786763002,2.0,False,False
CHEM_00008,Demo chemical 8,10008-00-0,C1CCCCC1,fish_96h_lc50,uv_filter,Oncorhynchus mykiss,Oncorhynchus,DemoFamily,DemoOrder,DemoClass,Chordata,consumer,96,freshwater,20.14425901542774,7.288202916374479,2019,demo,mortality,0.0002493680902970993,mmol/L,-3.6031591206029248,317.22465099659166,1.4272154921691818,68.68847287091715,4.465352422709408,1.0174817164187544,-0.5941499556967944,1.6017788913209154,1.0,False,False
CHEM_00009,Demo chemical 9,10009-00-0,CCN,daphnia_48h_ec50,pharma,Moina macrocopa,Moina,DemoFamily,DemoOrder,DemoClass,Arthropoda,consumer,48,freshwater,18.720496934500506,7.12936962343779,2007,demo,mortality,0.14560028487953386,mmol/L,-0.8368377752874835,267.5997347177412,5.1310250902885235,76.70222491829156,3.220380393688464,0.0,0.35687105914950934,0.6351509468144043,3.0,False,False
CHEM_00010,Demo chemical 10,10010-00-0,CCOC(=O)C,fish_96h_lc50,uv_filter,Oncorhynchus mykiss,Oncorhynchus,DemoFamily,DemoOrder,DemoClass,Chordata,consumer,96,freshwater,18.02092375993627,6.647181487707476,2003,demo,mortality,1.1391716884622147,mmol/L,0.056589183019060935,168.75367350339667,3.8762166169402343,76.76253135788762,4.535422924687672,0.3496471237517391,2.9138624660073296,-0.41535726017968533,5.0,False,False
CHEM_00011,Demo chemical 11,10011-00-0,CCN,daphnia_48h_ec50,pharma,Ceriodaphnia dubia,Ceriodaphnia,DemoFamily,DemoOrder,DemoClass,Arthropoda,consumer,48,freshwater,20.561373533902852,8.207171965431954,2019,demo,mortality,0.0006387432393130621,mmol/L,-3.194673683561058,262.56388539562755,3.309638195553574,39.28692494348377,4.2605490429457715,1.786191608818446,-1.674682944704357,-0.49929559853915206,2.0,False,False
CHEM_00012,Demo chemical 12,10012-00-0,CCCCO,algae_72h_ec50,pharma,Pseudokirchneriella subcapitata,Pseudokirchneriella,DemoFamily,DemoOrder,DemoClass,Chlorophyta,producer,72,freshwater,20.769901932211727,7.437344840936764,2008,demo,growth,0.048043409932112924,mmol/L,-1.3183661756624638,191.98191483713975,6.0541636789221975,43.572266415512274,3.918474947729132,0.4761698436564876,-0.9029271780870264,0.44607220148208054,3.0,False,False
CHEM_00013,Demo chemical 13,10013-00-0,CCOC(=O)C,fish_96h_lc50,surfactant,Danio rerio,Danio,DemoFamily,DemoOrder,DemoClass,Chordata,consumer,96,freshwater,20.438765002727713,7.335629107666505,2024,demo,mortality,0.8192533438878872,mmol/L,-0.08658177731318649,263.80703341776956,5.394909507692522,63.199832271468765,6.212577420119778,1.3430051507692908,-0.11863832610988256,1.535755991995992,2.0,False,True
CHEM_00014,Demo chemical 14,10014-00-0,CCN,daphnia_48h_ec50,uv_filter,Daphnia magna,Daphnia,DemoFamily,DemoOrder,DemoClass,Arthropoda,consumer,48,freshwater,17.785908635913025,7.142109192417669,2021,demo,mortality,1.9717009770091634,mmol/L,0.29484105163876034,140.5472640603468,5.4811135186775,94.47331441566594,5.286653589378089,0.6843159017123284,-0.38318732113598775,-0.005121866720071296,3.0,False,True
CHEM_00015,Demo chemical 15,10015-00-0,CC(C)N,fish_96h_lc50,pharma,Oncorhynchus mykiss,Oncorhynchus,DemoFamily,DemoOrder,DemoClass,Chordata,consumer,96,freshwater,18.2436952661425,7.366350623719675,2001,demo,mortality,0.002156175068631097,mmol/L,-2.666315979916788,257.24679255213965,4.272726551932229,18.996557979379546,5.831805084712026,0.0,-0.04871840193011795,0.030631492594417446,3.0,False,False
CHEM_00016,Demo chemical 16,10016-00-0,CC(C)O,daphnia_48h_ec50,uv_filter,Daphnia magna,Daphnia,DemoFamily,DemoOrder,DemoClass,Arthropoda,consumer,48,freshwater,18.608114776658596,7.4104564732478,2010,demo,mortality,0.21212179591076863,mmol/L,-0.6734147046213842,211.26644533331373,3.1067922867656472,80.05515650609209,4.484993582542443,1.1412586867629688,1.3373981074427437,-1.0843880722333665,4.0,False,False
CHEM_00017,Demo chemical 17,10017-00-0,CCCCO,fish_96h_lc50,pfas,Oncorhynchus mykiss,Oncorhynchus,DemoFamily,DemoOrder,DemoClass,Chordata,consumer,96,freshwater,22.41170724177647,7.208366464902556,2023,demo,mortality,0.0006291219024919447,mmol/L,-3.2012651948566244,400.14756890253364,2.476107979329416,54.252332769016476,2.691707119864407,0.0,-1.4634420018370031,-0.16266592054490767,1.0,True,True
CHEM_00018,Demo chemical 18,10018-00-0,CC(C)O,algae_72h_ec50,uv_filter,Chlorella vulgaris,Chlorella,DemoFamily,DemoOrder,DemoClass,Chlorophyta,producer,72,freshwater,24.258494224056598,6.985030967490387,1998,demo,growth,7.431584486344895e-05,mmol/L,-4.128918580544591,426.8833568473738,2.8646726871607116,42.462784436648235,1.8064288430907207,2.4695308226570516,-1.7577283913566313,2.905067169240407,5.0,False,False
CHEM_00019,Demo chemical 19,10019-00-0,CCN,fish_96h_lc50,surfactant,Pimephales promelas,Pimephales,DemoFamily,DemoOrder,DemoClass,Chordata,consumer,96,freshwater,19.73235407096792,6.950041676652007,1999,demo,mortality,0.0626849383164514,mmol/L,-1.2028367971571252,388.2958115524474,2.315771505886115,55.094443081157806,3.5236525120506696,0.7868900079928359,0.777337576061744,0.23216988962625595,2.0,False,False
CHEM_00020,Demo chemical 20,10020-00-0,C1CCCCC1,algae_72h_ec50,surfactant,Pseudokirchneriella subcapitata,Pseudokirchneriella,DemoFamily,DemoOrder,DemoClass,Chlorophyta,producer,72,freshwater,20.632988523346615,7.461085360634605,2024,demo,growth,0.08856607337277529,mmol/L,-1.0527326095881904,331.0172654255863,3.686515193202159,67.03512816798407,8.18633661786119,2.258683921980194,8.439309141418043e-05,0.3858465525565008,2.0,False,True
CHEM_00021,Demo chemical 21,10021-00-0,CCCCO,fish_96h_lc50,pfas,Danio rerio,Danio,DemoFamily,DemoOrder,DemoClass,Chordata,consumer,96,freshwater,20.908840676428724,7.055827726234209,2010,demo,mortality,0.16192394280131162,mmol/L,-0.7906889297661518,161.00708224132657,4.9293715437066385,65.25498450294278,3.056950385100102,1.2109737634852156,0.4801434033916108,0.05246679835624363,5.0,False,True
CHEM_00022,Demo chemical 22,10022-00-0,CCOC(=O)C,daphnia_48h_ec50,pharma,Moina macrocopa,Moina,DemoFamily,DemoOrder,DemoClass,Arthropoda,consumer,48,freshwater,20.5919879793742,7.351234167471484,2020,demo,mortality,0.03813596730982444,mmol/L,-1.4186652333583625,229.84180974344918,3.6830750145229625,89.42983945986313,0.48655643504283486,1.2623963869712878,-0.23685026450968424,1.727350214164185,2.0,False,True
CHEM_00023,Demo chemical 23,10023-00-0,CCCCO,daphnia_48h_ec50,pfas,Moina macrocopa,Moina,DemoFamily,DemoOrder,DemoClass,Arthropoda,consumer,48,freshwater,22.35482377795539,7.675634671571831,2004,demo,mortality,0.22520142217752134,mmol/L,-0.647428871183482,245.09405233369222,2.236521787155261,53.31087655288247,7.487869052335585,1.3511945269906391,1.3000445946989585,0.8279881767970589,3.0,False,True
CHEM_00024,Demo chemical 24,10024-00-0,CC(C)O,daphnia_48h_ec50,flame_retardant,Ceriodaphnia dubia,Ceriodaphnia,DemoFamily,DemoOrder,DemoClass,Arthropoda,consumer,48,freshwater,21.50173797746252,8.22825846305872,2012,demo,mortality,0.16914739862810524,mmol/L,-0.7717346769782573,194.20609413597785,4.687500721513824,36.43392753770269,5.46154938227729,0.0,-0.19065105750515945,-0.06695317289820084,5.0,False,False
CHEM_00025,Demo chemical 25,10025-00-0,CCO,algae_72h_ec50,uv_filter,Chlorella vulgaris,Chlorella,DemoFamily,DemoOrder,DemoClass,Chlorophyta,producer,72,freshwater,20.624018943102488,7.962124814442679,2012,demo,growth,0.001951007604323661,mmol/L,-2.709741037878999,301.0027048718157,2.6612834857055043,39.72565267119202,5.21752294444888,0.0,0.03278209287626079,0.3043667290302598,1.0,False,False
CHEM_00026,Demo chemical 26,10026-00-0,CCN,algae_72h_ec50,flame_retardant,Raphidocelis subcapitata,Raphidocelis,DemoFamily,DemoOrder,DemoClass,Chlorophyta,producer,72,freshwater,20.736713225401317,7.838633594337361,2020,demo,growth,0.002257844222243423,mmol/L,-2.6463060251009853,379.2967745320966,1.0241140678343088,48.17793149617789,2.858112676956411,1.6510109519729683,-1.5815943994539423,1.0684715559890383,4.0,False,True
CHEM_00027,Demo chemical 27,10027-00-0,C1CCCCC1,algae_72h_ec50,flame_retardant,Chlorella vulgaris,Chlorella,DemoFamily,DemoOrder,DemoClass,Chlorophyta,producer,72,freshwater,19.749981939360843,8.092582219063589,2003,demo,growth,0.1951392337613403,mmol/L,-0.7096554046544361,180.93237882084946,3.3229655837115764,56.94954935095282,2.5128235423748717,0.3421999861677437,0.3833938643534951,0.20230619183119358,3.0,False,False
CHEM_00028,Demo chemical 28,10028-00-0,CCN,daphnia_48h_ec50,pfas,Ceriodaphnia dubia,Ceriodaphnia,DemoFamily,DemoOrder,DemoClass,Arthropoda,consumer,48,freshwater,15.992955415866973,8.141701744606856,2007,demo,mortality,0.7241177160431443,mmol/L,-0.14019082707314418,356.31684723495914,4.528152779079832,76.83640133780123,3.0846011380863487,1.0863043554744265,2.327653100346085,1.309550684860527,4.0,False,True
CHEM_00029,Demo chemical 29,10029-00-0,CC(=O)O,algae_72h_ec50,pfas,Raphidocelis subcapitata,Raphidocelis,DemoFamily,DemoOrder,DemoClass,Chlorophyta,producer,72,freshwater,20.108707170780765,7.311289586544666,2008,demo,growth,0.08464204859248729,mmol/L,-1.072413833947285,186.46909679796607,4.027563927220392,70.48375685625543,4.918771543433223,1.561562900977016,0.27627417932855375,0.13824143205868192,5.0,False,True
CHEM_00030,Demo chemical 30,10030-00-0,CC(C)N,daphnia_48h_ec50,uv_filter,Daphnia magna,Daphnia,DemoFamily,DemoOrder,DemoClass,Arthropoda,consumer,48,freshwater,21.042334511464226,7.393664483233849,2020,demo,mortality,0.05068492090645316,mmol/L,-1.2951212268831,292.40517644811734,2.6543920845561413,56.40777172337083,3.7649156653437394,1.6636152336192584,0.8205284754174188,-1.993060371054156,5.0,False,True
CHEM_00031,Demo chemical 31,10031-00-0,CCCCO,algae_72h_ec50,pharma,Pseudokirchneriella subcapitata,Pseudokirchneriella,DemoFamily,DemoOrder,DemoClass,Chlorophyta,producer,72,freshwater,19.86172413054772,8.041434355827759,2020,demo,growth,0.16703591776795718,mmol/L,-0.7771901323782265,195.73884478758586,4.399320679673289,54.302318672348505,4.184253316868219,0.3300814209380303,0.19779008194185213,-0.5944003521987352,5.0,False,True
CHEM_00032,Demo chemical 32,10032-00-0,CC(C)O,algae_72h_ec50,pharma,Raphidocelis subcapitata,Raphidocelis,DemoFamily,DemoOrder,DemoClass,Chlorophyta,producer,72,freshwater,20.949394176926404,7.4475653397249095,2017,demo,growth,0.02687550175848949,mmol/L,-1.570643418837862,221.35866495404568,4.464302023254322,94.41539662331968,0.33818834830493927,1.7426375932547875,0.39282746825991893,-0.605000712808731,4.0,False,False
CHEM_00033,Demo chemical 33,10033-00-0,C1CCCCC1,fish_96h_lc50,uv_filter,Pimephales promelas,Pimephales,DemoFamily,DemoOrder,DemoClass,Chordata,consumer,96,freshwater,17.046284366308537,7.926888966628793,2008,demo,mortality,0.05295825950141863,mmol/L,-1.276066296630117,284.2312352555934,3.272906790876313,66.57324004564963,3.3370236558054907,1.8916739556619016,0.3619218539288437,0.3833771131824704,2.0,False,False
CHEM_00034,Demo chemical 34,10034-00-0,c1ccccc1,daphnia_48h_ec50,pfas,Ceriodaphnia dubia,Ceriodaphnia,DemoFamily,DemoOrder,DemoClass,Arthropoda,consumer,48,freshwater,20.66614074523651,7.489654860818457,2023,demo,mortality,0.2422337167859371,mmol/L,-0.6157654070437352,406.081004810104,5.992376634864504,61.38762270265558,4.6278164229151075,0.3333049552404753,1.0762401574663856,-1.589567493308969,5.0,False,True
CHEM_00035,Demo chemical 35,10035-00-0,C1CCCCC1,daphnia_48h_ec50,pfas,Moina macrocopa,Moina,DemoFamily,DemoOrder,DemoClass,Arthropoda,consumer,48,freshwater,19.43127232391981,7.574130259766153,1996,demo,mortality,0.19202698406507576,mmol/L,-0.7166377389676439,226.54467306809906,5.824677394915421,82.11986739814597,5.238342233950787,0.7285932128927877,-0.9620911163416273,1.0638515327343585,4.0,False,True
CHEM_00036,Demo chemical 36,10036-00-0,CCCCO,fish_96h_lc50,flame_retardant,Pimephales promelas,Pimephales,DemoFamily,DemoOrder,DemoClass,Chordata,consumer,96,freshwater,19.659184837671592,7.188207041309832,2011,demo,mortality,0.016336856740670327,mmol/L,-1.7868314993028869,457.81389812766656,3.76769569115033,88.66429013212345,4.860602717915106,0.3187702486513856,0.5807770953297967,0.6655852363134291,5.0,False,False
CHEM_00037,Demo chemical 37,10037-00-0,CCOC(=O)C,algae_72h_ec50,pharma,Pseudokirchneriella subcapitata,Pseudokirchneriella,DemoFamily,DemoOrder,DemoClass,Chlorophyta,producer,72,freshwater,17.00987833954559,8.045544891925564,2003,demo,growth,0.0007520195519353093,mmol/L,-3.1237708679359764,286.3172463446957,3.1295923333443048,78.71094250930298,5.7903699639433714,0.4244158133721677,-1.8314060842151236,-1.502503456040897,5.0,False,False
CHEM_00038,Demo chemical 38,10038-00-0,CC(C)O,daphnia_48h_ec50,uv_filter,Ceriodaphnia dubia,Ceriodaphnia,DemoFamily,DemoOrder,DemoClass,Arthropoda,consumer,48,freshwater,20.198954946031478,7.465559739271581,2018,demo,mortality,0.00043575406757624387,mmol/L,-3.360758550247407,443.6332009797922,4.021861125756377,48.80855427901021,5.581612243380161,1.275716180988842,-1.5609583529944429,0.668326018107997,4.0,False,False
CHEM_00039,Demo chemical 39,10039-00-0,CCCCO,fish_96h_lc50,uv_filter,Danio rerio,Danio,DemoFamily,DemoOrder,DemoClass,Chordata,consumer,96,freshwater,22.910091152541423,7.552594326722181,2024,demo,mortality,0.1364893494556578,mmol/L,-0.864901236191723,172.388038427887,2.434765213142528,86.71568672640466,4.5164576466453905,2.2517744173359233,-0.19134398669506028,-0.36177047744417123,2.0,False,True
CHEM_00040,Demo chemical 40,10040-00-0,CCOC(=O)C,fish_96h_lc50,uv_filter,Oncorhynchus mykiss,Oncorhynchus,DemoFamily,DemoOrder,DemoClass,Chordata,consumer,96,freshwater,18.426868449791662,6.825412739506359,2000,demo,mortality,0.0013581168769551109,mmol/L,-2.8670628538902068,286.18671605145107,1.621089113383383,72.74941805302242,2.347541067272095,1.1981327208871546,1.1478126607335635,-0.1792266254497549,3.0,False,False
CHEM_00041,Demo chemical 41,10041-00-0,C1CCCCC1,algae_72h_ec50,flame_retardant,Chlorella vulgaris,Chlorella,DemoFamily,DemoOrder,DemoClass,Chlorophyta,producer,72,freshwater,24.070146605462135,7.465162331578996,1996,demo,growth,0.34404243749895863,mmol/L,-0.46338798407123954,169.3171166445514,4.348219569078861,73.25331940770968,3.3858335633308467,0.39717793571409765,0.385037937656101,-1.0322626705778368,4.0,False,False
CHEM_00042,Demo chemical 42,10042-00-0,CCCOC,daphnia_48h_ec50,surfactant,Ceriodaphnia dubia,Ceriodaphnia,DemoFamily,DemoOrder,DemoClass,Arthropoda,consumer,48,freshwater,21.800369128039925,7.795765068920379,2024,demo,mortality,0.12075901866944297,mmol/L,-0.9180804248653817,208.89831681838479,2.4334432241228976,58.58639236695858,3.680703385155966,0.47766708426823035,0.051142058552161786,0.5484279208297995,3.0,False,True
CHEM_00043,Demo chemical 43,10043-00-0,CCCCO,fish_96h_lc50,surfactant,Pimephales promelas,Pimephales,DemoFamily,DemoOrder,DemoClass,Chordata,consumer,96,freshwater,19.49496533139407,7.645381735135629,1995,demo,mortality,0.03501669905395584,mmol/L,-1.4557247962942699,270.9628649659505,2.4203662562146953,63.79686785674886,0.0,0.07492187178773368,-1.4548224852577891,-0.2937789201521298,3.0,False,False
CHEM_00044,Demo chemical 44,10044-00-0,CC(C)O,daphnia_48h_ec50,pharma,Moina macrocopa,Moina,DemoFamily,DemoOrder,DemoClass,Arthropoda,consumer,48,freshwater,20.498072244613883,8.228519540325244,2023,demo,mortality,0.004169770482766497,mmol/L,-2.3798878492975275,409.7837224598395,2.0880623366848376,43.25073191829615,0.6964817036414654,0.0,1.6111161484996208,-0.42360660646083825,5.0,False,True
CHEM_00045,Demo chemical 45,10045-00-0,C1CCCCC1,daphnia_48h_ec50,uv_filter,Moina macrocopa,Moina,DemoFamily,DemoOrder,DemoClass,Arthropoda,consumer,48,freshwater,21.08226322160906,7.8051705929347746,2008,demo,mortality,0.20224336573388038,mmol/L,-0.6941257158092559,108.00303522862973,4.118492483480973,48.44922225288699,4.896198727872407,0.0,1.274447216941239,0.5380344399282511,5.0,False,False
CHEM_00046,Demo chemical 46,10046-00-0,CC(C)N,daphnia_48h_ec50,flame_retardant,Daphnia magna,Daphnia,DemoFamily,DemoOrder,DemoClass,Arthropoda,consumer,48,freshwater,18.772046397214204,8.080471539608425,2017,demo,mortality,0.5877402669696045,mmol/L,-0.23081455409820384,136.1012451680752,4.035586577051676,43.868021913852544,3.118695156860515,1.0256861391767478,0.7138201364823995,0.2689134476786009,2.0,False,False
CHEM_00047,Demo chemical 47,10047-00-0,CC(C)N,algae_72h_ec50,pharma,Raphidocelis subcapitata,Raphidocelis,DemoFamily,DemoOrder,DemoClass,Chlorophyta,producer,72,freshwater,19.189461469101335,6.725264783751926,2007,demo,growth,0.0064281279330760345,mmol/L,-2.1919154884618846,217.06893422270326,5.1351711677640095,39.188278949751336,3.3790320476081126,0.7710216401274647,-2.41278033092949,-0.18992384102225704,5.0,False,False
CHEM_00048,Demo chemical 48,10048-00-0,CCCOC,algae_72h_ec50,pharma,Pseudokirchneriella subcapitata,Pseudokirchneriella,DemoFamily,DemoOrder,DemoClass,Chlorophyta,producer,72,freshwater,19.715993571184956,7.746102706787425,2011,demo,growth,0.002955669848426627,mmol/L,-2.5293440787394004,291.9605900228869,1.7067132562168321,73.98393463389776,0.5386567889855636,1.1315125623818418,0.17196033243705985,-0.3904639494628101,2.0,False,False
CHEM_00049,Demo chemical 49,10049-00-0,CCCCO,daphnia_48h_ec50,pharma,Daphnia magna,Daphnia,DemoFamily,DemoOrder,DemoClass,Arthropoda,consumer,48,freshwater,19.3524165914268,6.823214940332095,2005,demo,mortality,0.03390531793524755,mmol/L,-1.4697321788234345,161.70074417743942,4.204711000163351,66.38800527582458,3.964874347045108,0.27806152416598984,-0.8690472478647824,-0.3423409386638824,2.0,False,False
CHEM_00050,Demo chemical 50,10050-00-0,CC(C)N,daphnia_48h_ec50,pharma,Moina macrocopa,Moina,DemoFamily,DemoOrder,DemoClass,Arthropoda,consumer,48,freshwater,18.572250351927032,6.973267915576703,2024,demo,mortality,0.2640316005213781,mmol/L,-0.5783440916500355,120.74733285434576,4.07848020263063,49.545626076606396,5.671615792628675,1.2794804980483436,0.7848440366081351,2.3826022826840734,1.0,False,True
CHEM_00051,Demo chemical 51,10051-00-0,CCOC(=O)C,daphnia_48h_ec50,flame_retardant,Ceriodaphnia dubia,Ceriodaphnia,DemoFamily,DemoOrder,DemoClass,Arthropoda,consumer,48,freshwater,21.581603442357977,8.099349776118693,2018,demo,mortality,0.015787385327312928,mmol/L,-1.8016897909510128,315.34206937606325,4.2501022414977845,85.0345001713039,3.0823190137013987,0.660181017765527,-0.5213229186372847,0.3140772238697992,1.0,False,False
CHEM_00052,Demo chemical 52,10052-00-0,c1ccccc1,algae_72h_ec50,pharma,Chlorella vulgaris,Chlorella,DemoFamily,DemoOrder,DemoClass,Chlorophyta,producer,72,freshwater,19.597790690962338,7.945186356664106,1996,demo,growth,0.004088306017536222,mmol/L,-2.388456603882823,69.85781675047627,2.5079539436997265,44.351673320771084,3.5098786976185954,0.17534902378307693,-0.9636384443688041,-0.056954541213528984,4.0,False,False
CHEM_00053,Demo chemical 53,10053-00-0,CCOC(=O)C,fish_96h_lc50,flame_retardant,Pimephales promelas,Pimephales,DemoFamily,DemoOrder,DemoClass,Chordata,consumer,96,freshwater,19.975830698423465,7.415723994254737,2001,demo,mortality,0.04038876207362998,mmol/L,-1.3937394578681546,294.6839167419379,3.2341566611230395,72.94969381418949,1.5682181517917386,0.0,-0.013646791795296761,0.6857490352746618,5.0,False,False
CHEM_00054,Demo chemical 54,10054-00-0,CCOC(=O)C,daphnia_48h_ec50,uv_filter,Moina macrocopa,Moina,DemoFamily,DemoOrder,DemoClass,Arthropoda,consumer,48,freshwater,20.565173965838593,7.806926896184491,2022,demo,mortality,0.04791414667240292,mmol/L,-1.319536242019892,242.30568504613342,4.8536226288191635,14.385243092561538,1.719678161747539,0.10437129978357895,-0.9228864418952676,0.4478137167227104,1.0,False,True
CHEM_00055,Demo chemical 55,10055-00-0,CC(C)N,fish_96h_lc50,pharma,Oncorhynchus mykiss,Oncorhynchus,DemoFamily,DemoOrder,DemoClass,Chordata,consumer,96,freshwater,22.003490795303016,7.975090037304774,1999,demo,mortality,0.004200594531278744,mmol/L,-2.376689237368641,272.25149811637016,3.689742901886131,75.55534778169852,1.958753960973325,0.0,0.8070082819444706,0.09903482100720092,4.0,False,False
CHEM_00056,Demo chemical 56,10056-00-0,c1ccccc1,fish_96h_lc50,flame_retardant,Danio rerio,Danio,DemoFamily,DemoOrder,DemoClass,Chordata,consumer,96,freshwater,24.097511301726573,8.214067360828853,2003,demo,mortality,0.004427799780600501,mmol/L,-2.35381202558607,291.3038057681161,3.0539399640971663,42.13738756830274,6.272097367110857,0.26331968175269793,-0.2992647038852564,0.8550193242972788,3.0,False,False
CHEM_00057,Demo chemical 57,10057-00-0,CC(=O)O,algae_72h_ec50,flame_retardant,Pseudokirchneriella subcapitata,Pseudokirchneriella,DemoFamily,DemoOrder,DemoClass,Chlorophyta,producer,72,freshwater,18.88761608230175,6.988063616943991,2001,demo,growth,0.01500534785705581,mmol/L,-1.823753932218554,300.8296914289022,4.388017083565202,72.7381256674442,7.363633238601648,2.383196272708563,0.3407914080021059,1.359220600295612,1.0,False,False
CHEM_00058,Demo chemical 58,10058-00-0,CCN,fish_96h_lc50,surfactant,Danio rerio,Danio,DemoFamily,DemoOrder,DemoClass,Chordata,consumer,96,freshwater,19.897605776366806,7.468108174457277,1996,demo,mortality,0.04315492082315057,mmol/L,-1.3649696758585426,250.96425444814605,3.743356732277335,38.13057259076034,7.5951223332892805,1.7153706628107277,0.0603859284244171,0.011445439091466015,3.0,False,False
CHEM_00059,Demo chemical 59,10059-00-0,CC(=O)O,algae_72h_ec50,uv_filter,Chlorella vulgaris,Chlorella,DemoFamily,DemoOrder,DemoClass,Chlorophyta,producer,72,freshwater,16.426584977263843,7.450926145001949,2011,demo,growth,0.010006892047324252,mmol/L,-1.9997007852860647,163.40582420893705,3.318737746871685,45.078034866949736,5.991402771799847,1.8473789911170568,-1.2503155389231464,1.0258368428852387,4.0,False,False
CHEM_00060,Demo chemical 60,10060-00-0,CC(C)N,algae_72h_ec50,flame_retardant,Pseudokirchneriella subcapitata,Pseudokirchneriella,DemoFamily,DemoOrder,DemoClass,Chlorophyta,producer,72,freshwater,17.51158824227826,7.372357361195641,2010,demo,growth,0.34228549517098006,mmol/L,-0.4656115043113625,163.30409381135516,3.913525885700429,67.58560068730326,4.434462389621049,0.8383334036884768,1.0999796503420836,-0.5778941080776558,2.0,False,False
CHEM_00061,Demo chemical 61,10061-00-0,c1ccccc1,daphnia_48h_ec50,pfas,Moina macrocopa,Moina,DemoFamily,DemoOrder,DemoClass,Arthropoda,consumer,48,freshwater,22.875553879832925,7.035168194906285,1997,demo,mortality,0.024089717480398627,mmol/L,-1.6181682932944497,274.91622674427515,3.0176089038449545,64.88208777956704,0.0,0.0,0.2732040228521227,0.029109946576669203,1.0,False,True
CHEM_00062,Demo chemical 62,10062-00-0,C1CCCCC1,daphnia_48h_ec50,surfactant,Ceriodaphnia dubia,Ceriodaphnia,DemoFamily,DemoOrder,DemoClass,Arthropoda,consumer,48,freshwater,18.49421616554276,7.142261581568988,2023,demo,mortality,0.003938205081079775,mmol/L,-2.404701671828623,347.13518631428013,0.2925986802764746,67.91867748861647,3.34747598995392,2.141988226947604,-1.127780764891714,1.8373866754875203,3.0,False,True
CHEM_00063,Demo chemical 63,10063-00-0,C1CCCCC1,fish_96h_lc50,uv_filter,Danio rerio,Danio,DemoFamily,DemoOrder,DemoClass,Chordata,consumer,96,freshwater,18.58547094009707,7.887599148110343,2006,demo,mortality,0.09055078920063023,mmol/L,-1.0431077602148018,390.2952821360865,3.3880416204158097,62.62115652092289,3.276334925831317,0.6081998536790327,0.36547447264283456,0.9086013598921112,3.0,False,False
CHEM_00064,Demo chemical 64,10064-00-0,CC(=O)O,daphnia_48h_ec50,pfas,Ceriodaphnia dubia,Ceriodaphnia,DemoFamily,DemoOrder,DemoClass,Arthropoda,consumer,48,freshwater,17.115401728881178,7.476635502456527,1996,demo,mortality,0.09377241740480445,mmol/L,-1.0279248879587637,251.1188177492234,3.9038997519265215,68.49931794872299,4.167962006628908,0.44519506834217537,0.6665726686095336,0.8310318576679744,5.0,False,True
CHEM_00065,Demo chemical 65,10065-00-0,CC(C)O,fish_96h_lc50,surfactant,Oncorhynchus mykiss,Oncorhynchus,DemoFamily,DemoOrder,DemoClass,Chordata,consumer,96,freshwater,16.082817119205938,7.495072282828276,2009,demo,mortality,0.15733024740250515,mmol/L,-0.803187774406806,246.27301837285285,3.8346371415766867,39.84214100752911,3.558065364427292,0.9172639091402932,0.7242826774562282,-0.02798245653021798,3.0,False,False
CHEM_00066,Demo chemical 66,10066-00-0,CCN,algae_72h_ec50,uv_filter,Raphidocelis subcapitata,Raphidocelis,DemoFamily,DemoOrder,DemoClass,Chlorophyta,producer,72,freshwater,14.996600311680691,6.81840285495585,2007,demo,growth,0.03795492288783263,mmol/L,-1.4207318865837113,161.11160792659535,2.093634088519046,38.13352284225235,2.333926554407977,0.5538168900038282,1.2449473786464456,-0.4083886272547264,1.0,False,False
CHEM_00067,Demo chemical 67,10067-00-0,CCN,fish_96h_lc50,pharma,Oncorhynchus mykiss,Oncorhynchus,DemoFamily,DemoOrder,DemoClass,Chordata,consumer,96,freshwater,19.705115020163664,8.135310442859705,2020,demo,mortality,0.0026222027981973304,mmol/L,-2.5813337235032283,195.9186155454905,2.4652184486293485,69.57751077040923,2.755585109410564,2.648238536419263,-1.5356420699261193,-0.2254314492280993,4.0,False,True
CHEM_00068,Demo chemical 68,10068-00-0,CCOC(=O)C,algae_72h_ec50,pharma,Pseudokirchneriella subcapitata,Pseudokirchneriella,DemoFamily,DemoOrder,DemoClass,Chlorophyta,producer,72,freshwater,22.31501551604227,8.074520702625316,1996,demo,growth,0.017219623692224354,mmol/L,-1.7639763436010738,163.90038397449854,2.5978929826238,67.94066600030982,5.058826814251445,2.0907429696685593,-0.6221677002542582,-1.8807984279740577,2.0,False,False
CHEM_00069,Demo chemical 69,10069-00-0,CCCCO,fish_96h_lc50,uv_filter,Oncorhynchus mykiss,Oncorhynchus,DemoFamily,DemoOrder,DemoClass,Chordata,consumer,96,freshwater,20.151426575913668,7.502406672174429,2021,demo,mortality,0.04506556247606465,mmol/L,-1.346155204011092,204.284062464261,3.3006105896603213,97.64349760408099,4.896648131946319,1.9322460284377416,-0.1697197964203783,1.6473939976033294,3.0,False,True
CHEM_00070,Demo chemical 70,10070-00-0,CCN,fish_96h_lc50,surfactant,Oncorhynchus mykiss,Oncorhynchus,DemoFamily,DemoOrder,DemoClass,Chordata,consumer,96,freshwater,20.981533417987638,7.980122503303729,2006,demo,mortality,0.5079150811961372,mmol/L,-0.2942088917529653,157.93083926515465,3.3945479091012554,78.80578929767178,4.578718313914222,0.7154413475431722,0.21160973279505021,0.33584125693302364,5.0,False,False
CHEM_00071,Demo chemical 71,10071-00-0,CCCOC,algae_72h_ec50,uv_filter,Raphidocelis subcapitata,Raphidocelis,DemoFamily,DemoOrder,DemoClass,Chlorophyta,producer,72,freshwater,19.031939736854646,8.397168124961194,2017,demo,growth,0.014089393103253068,mmol/L,-1.8511077136035492,112.12292740756655,4.042122321129181,69.5505867453359,3.9961602936473075,1.3264289415050134,-1.1624287801399305,1.6168743984986076,2.0,False,False
CHEM_00072,Demo chemical 72,10072-00-0,c1ccccc1,fish_96h_lc50,surfactant,Danio rerio,Danio,DemoFamily,DemoOrder,DemoClass,Chordata,consumer,96,freshwater,20.06922374837051,7.386881700340972,2003,demo,mortality,0.08873393341545383,mmol/L,-1.0519102665621587,241.2218038644568,3.4572671165718907,32.70516695596869,3.7876361387548476,1.1784976147249329,-0.7421920939974367,0.6168141996897798,4.0,False,False
CHEM_00073,Demo chemical 73,10073-00-0,C1CCCCC1,fish_96h_lc50,flame_retardant,Danio rerio,Danio,DemoFamily,DemoOrder,DemoClass,Chordata,consumer,96,freshwater,21.47116618485675,7.649754580682505,2008,demo,mortality,0.009796868065226741,mmol/L,-2.0089127405710796,217.01305022362155,1.7997894888837511,68.8762541876621,5.26396296752279,0.0,0.4633698060326869,0.3310401549961956,1.0,False,False
CHEM_00074,Demo chemical 74,10074-00-0,CCCOC,algae_72h_ec50,uv_filter,Raphidocelis subcapitata,Raphidocelis,DemoFamily,DemoOrder,DemoClass,Chlorophyta,producer,72,freshwater,19.78053163673963,7.641088065210537,2005,demo,growth,0.4454877136278694,mmol/L,-0.35116426912923726,225.79041924236427,2.920651809530426,77.41111218839453,5.533645743568488,1.0969423594395695,1.794370054600359,0.13076418791154437,2.0,False,False
CHEM_00075,Demo chemical 75,10075-00-0,CCN,daphnia_48h_ec50,flame_retardant,Ceriodaphnia dubia,Ceriodaphnia,DemoFamily,DemoOrder,DemoClass,Arthropoda,consumer,48,freshwater,21.512496327259612,7.651537041383357,2005,demo,mortality,0.18314556759693015,mmol/L,-0.7372035874634724,216.8421547331313,4.260692453280491,60.05986582399912,1.5303738261770428,2.1538438329489953,0.34020997686833787,-0.5007447437569161,4.0,False,False
CHEM_00076,Demo chemical 76,10076-00-0,CCN,algae_72h_ec50,pharma,Raphidocelis subcapitata,Raphidocelis,DemoFamily,DemoOrder,DemoClass,Chlorophyta,producer,72,freshwater,20.632095741288573,7.6639313829314775,2017,demo,growth,0.05933784168180492,mmol/L,-1.2266682544925394,168.31638714573424,3.56260798238904,54.522989889075255,5.232269336004476,0.0,0.6197019654824789,-0.3644382522644612,3.0,False,False
CHEM_00077,Demo chemical 77,10077-00-0,C1CCCCC1,daphnia_48h_ec50,pharma,Daphnia magna,Daphnia,DemoFamily,DemoOrder,DemoClass,Arthropoda,consumer,48,freshwater,19.997214697113304,7.894454526784307,2013,demo,mortality,0.01998383551303101,mmol/L,-1.699321153633519,333.6425819831744,4.925161271265345,64.05550096504734,2.884457308021153,1.6445429113940007,-0.5003610773968998,0.6774013686923024,3.0,False,False
CHEM_00078,Demo chemical 78,10078-00-0,c1ccccc1,fish_96h_lc50,surfactant,Oncorhynchus mykiss,Oncorhynchus,DemoFamily,DemoOrder,DemoClass,Chordata,consumer,96,freshwater,18.088749665197206,7.675004899447948,2019,demo,mortality,0.02962337214373796,mmol/L,-1.5283655055697274,305.8853076297204,3.622311064847189,44.75353083944695,1.5164889422432148,0.8367451324489208,-0.5376625769030224,0.10964775457400863,1.0,False,False
CHEM_00079,Demo chemical 79,10079-00-0,c1ccccc1,daphnia_48h_ec50,surfactant,Moina macrocopa,Moina,DemoFamily,DemoOrder,DemoClass,Arthropoda,consumer,48,freshwater,19.087057711550557,7.952893828871699,2002,demo,mortality,0.24727338559244366,mmol/L,-0.6068226248936457,261.9873931189824,3.9934063016191557,62.36695826776409,2.711265759573954,0.9517985228789705,0.444726818195233,-1.0719625522902192,2.0,False,False
CHEM_00080,Demo chemical 80,10080-00-0,CC(=O)O,daphnia_48h_ec50,uv_filter,Moina macrocopa,Moina,DemoFamily,DemoOrder,DemoClass,Arthropoda,consumer,48,freshwater,20.45357209221827,8.027605279096559,1998,demo,mortality,0.0008933667965206264,mmol/L,-3.0489701928490045,243.81150561433168,3.2637371615553086,37.707660738641465,9.618421722459006,0.5307319319432795,-1.5927942597215277,1.43530015664544,4.0,False,False
CHEM_00081,Demo chemical 81,10081-00-0,C1CCCCC1,fish_96h_lc50,pharma,Pimephales promelas,Pimephales,DemoFamily,DemoOrder,DemoClass,Chordata,consumer,96,freshwater,19.446599819828574,7.261564440137533,2018,demo,mortality,0.0005754158395270246,mmol/L,-3.2400181874152754,254.95331869439673,3.6324748707346624,51.83333674346662,4.017011253446307,1.6359458023325022,-1.3981096597988507,0.1803639430263982,1.0,False,False
CHEM_00082,Demo chemical 82,10082-00-0,CCCOC,fish_96h_lc50,uv_filter,Danio rerio,Danio,DemoFamily,DemoOrder,DemoClass,Chordata,consumer,96,freshwater,21.22819835422525,7.739338818829953,1998,demo,mortality,0.6398560875262812,mmol/L,-0.19391769386187407,244.6337256358978,5.395022603577958,69.89113310645706,5.0393211466930055,0.12212986036236506,1.241959996813811,0.7007231568595857,4.0,False,False
CHEM_00083,Demo chemical 83,10083-00-0,c1ccccc1,algae_72h_ec50,uv_filter,Raphidocelis subcapitata,Raphidocelis,DemoFamily,DemoOrder,DemoClass,Chlorophyta,producer,72,freshwater,20.15797743268002,7.953472191502681,2007,demo,growth,0.005241681992277534,mmol/L,-2.280529330811863,317.2176130155358,5.284877947623035,54.566512326254156,3.277459149993109,1.2816275774423393,-1.1522488412767675,-0.9886271494346061,1.0,False,False
CHEM_00084,Demo chemical 84,10084-00-0,CC(C)O,daphnia_48h_ec50,pharma,Daphnia magna,Daphnia,DemoFamily,DemoOrder,DemoClass,Arthropoda,consumer,48,freshwater,19.512207779645326,6.661019616955944,2005,demo,mortality,0.21542935955410528,mmol/L,-0.6666951096571527,190.0149329372386,3.2170047653901768,56.31648506969557,2.2115852960410454,0.7895412604349177,1.7713412422676835,-0.6858526761766428,1.0,False,False
CHEM_00085,Demo chemical 85,10085-00-0,CC(=O)O,fish_96h_lc50,pfas,Pimephales promelas,Pimephales,DemoFamily,DemoOrder,DemoClass,Chordata,consumer,96,freshwater,15.996908511122642,7.282731667577554,2017,demo,mortality,0.26256913363520845,mmol/L,-0.5807563288169644,254.93637072402944,3.544673403705892,58.22407104574998,4.029055763875138,1.55208353981121,0.0037962516214591325,0.4730871980274752,2.0,False,True
CHEM_00086,Demo chemical 86,10086-00-0,CCN,daphnia_48h_ec50,pharma,Daphnia magna,Daphnia,DemoFamily,DemoOrder,DemoClass,Arthropoda,consumer,48,freshwater,20.221226245157354,7.500535938701795,2020,demo,mortality,0.027514910806975306,mmol/L,-1.5604318906704235,332.4156322522185,3.7208693975258784,79.25315144973683,6.945907144379149,0.0,-0.5614830267828836,-1.4176841701595697,4.0,False,True
CHEM_00087,Demo chemical 87,10087-00-0,CCOC(=O)C,fish_96h_lc50,flame_retardant,Danio rerio,Danio,DemoFamily,DemoOrder,DemoClass,Chordata,consumer,96,freshwater,19.2728334193864,7.040318401124682,2003,demo,mortality,3.004813514777733,mmol/L,0.47781752392074606,129.4139481781562,2.3178103612270085,42.78316642952859,0.18373917354946645,0.9064958508731807,2.457424092075892,-0.9978519832440257,1.0,False,False
CHEM_00088,Demo chemical 88,10088-00-0,C1CCCCC1,fish_96h_lc50,uv_filter,Danio rerio,Danio,DemoFamily,DemoOrder,DemoClass,Chordata,consumer,96,freshwater,18.3995766067963,7.753143165842922,1998,demo,mortality,0.016079058691011353,mmol/L,-1.7937393795468681,189.0420433351794,3.678352514363397,67.32419195567874,3.9787226467636136,0.0,-1.3204889841570373,-0.31619770458118795,4.0,False,False
CHEM_00089,Demo chemical 89,10089-00-0,CCOC(=O)C,daphnia_48h_ec50,pharma,Moina macrocopa,Moina,DemoFamily,DemoOrder,DemoClass,Arthropoda,consumer,48,freshwater,17.544000238355004,7.12938675553714,2021,demo,mortality,0.1472902903276446,mmol/L,-0.831825881780002,372.5423112480842,4.70901292518387,54.866917672004945,6.969837573467702,0.1533751593298902,0.7501218121369445,-1.322541133291679,3.0,False,True
CHEM_00090,Demo chemical 90,10090-00-0,CC(=O)O,fish_96h_lc50,pharma,Pimephales promelas,Pimephales,DemoFamily,DemoOrder,DemoClass,Chordata,consumer,96,freshwater,20.59502214237111,7.854703621761895,2005,demo,mortality,0.014141942180847673,mmol/L,-1.8494909426959172,241.8082634711123,2.7193236555132896,46.51575076550982,3.021845063762153,0.851234658251161,-0.8795096286589426,-0.713553981370355,4.0,False,False
CHEM_00091,Demo chemical 91,10091-00-0,CC(C)O,fish_96h_lc50,pharma,Oncorhynchus mykiss,Oncorhynchus,DemoFamily,DemoOrder,DemoClass,Chordata,consumer,96,freshwater,21.56511765143032,7.13964120187817,1998,demo,mortality,0.048394614101023276,mmol/L,-1.315202968858887,70.0172977638714,2.065569230842277,86.49911358763262,5.047901908385342,1.5829713872594766,-0.04443616770435442,-0.5766472922336929,3.0,False,False
CHEM_00092,Demo chemical 92,10092-00-0,CCOC(=O)C,fish_96h_lc50,uv_filter,Pimephales promelas,Pimephales,DemoFamily,DemoOrder,DemoClass,Chordata,consumer,96,freshwater,20.65401973757863,7.182989667816834,2010,demo,mortality,0.0006603855794211728,mmol/L,-3.180202418822613,206.03579030959338,2.1526778812748057,36.317433362034556,4.053170682652198,1.4564296289107883,-2.28482053549532,0.6181907146653008,5.0,False,False
CHEM_00093,Demo chemical 93,10093-00-0,CCCCO,fish_96h_lc50,uv_filter,Oncorhynchus mykiss,Oncorhynchus,DemoFamily,DemoOrder,DemoClass,Chordata,consumer,96,freshwater,19.656870979567305,6.876246705877756,2012,demo,mortality,0.0017868382047656198,mmol/L,-2.747914770358745,384.6868967630418,2.8628281945331424,80.89745624908855,5.934598471685545,2.2134341257113985,0.06798662605108885,-0.7969109892966902,5.0,False,False
CHEM_00094,Demo chemical 94,10094-00-0,CCO,fish_96h_lc50,surfactant,Pimephales promelas,Pimephales,DemoFamily,DemoOrder,DemoClass,Chordata,consumer,96,freshwater,20.194826825915563,7.818311203897693,2010,demo,mortality,0.47042501821413607,mmol/L,-0.32750958960321475,199.72122158905682,4.429393644638446,59.22923476313175,3.1056846853401066,0.9603529299587338,-0.482232478702921,-0.11549887929893475,3.0,False,False
CHEM_00095,Demo chemical 95,10095-00-0,CCCOC,algae_72h_ec50,uv_filter,Pseudokirchneriella subcapitata,Pseudokirchneriella,DemoFamily,DemoOrder,DemoClass,Chlorophyta,producer,72,freshwater,20.04671063222911,7.260100220352454,2012,demo,growth,0.04199228782061332,mmol/L,-1.3768304635187365,297.4843755924453,5.344358784701173,88.98689602472606,7.240140618272102,1.2909585202743703,-0.37494468984913537,-0.21802912810442213,3.0,False,False
CHEM_00096,Demo chemical 96,10096-00-0,CC(C)N,daphnia_48h_ec50,uv_filter,Moina macrocopa,Moina,DemoFamily,DemoOrder,DemoClass,Arthropoda,consumer,48,freshwater,24.007018820802685,7.829679847918345,2012,demo,mortality,0.02845710984348094,mmol/L,-1.5458092097599936,88.87179241077683,4.455006386263729,61.20936896234736,4.339413090285624,0.6487568719160499,-1.3263961033185487,-0.39457285186939384,1.0,False,False
CHEM_00097,Demo chemical 97,10097-00-0,C1CCCCC1,daphnia_48h_ec50,surfactant,Daphnia magna,Daphnia,DemoFamily,DemoOrder,DemoClass,Arthropoda,consumer,48,freshwater,14.907663730354273,7.745708175342825,2023,demo,mortality,0.2741071304302182,mmol/L,-0.5620796668821753,123.95045382635078,2.7062997292318207,36.85070735533156,5.507710139867364,0.79911792957047,-0.9653511948087635,-2.4807085099845416,2.0,False,True
CHEM_00098,Demo chemical 98,10098-00-0,CC(C)N,algae_72h_ec50,surfactant,Chlorella vulgaris,Chlorella,DemoFamily,DemoOrder,DemoClass,Chlorophyta,producer,72,freshwater,21.130920838338184,8.234490335892009,2021,demo,growth,0.7619526502021029,mmol/L,-0.11807201605525042,27.760457541714203,3.082971905367777,36.39998443065482,3.5941161126492593,1.300835495698089,-0.6751139521434614,-1.485055479127436,3.0,False,True
CHEM_00099,Demo chemical 99,10099-00-0,CCCOC,algae_72h_ec50,pharma,Chlorella vulgaris,Chlorella,DemoFamily,DemoOrder,DemoClass,Chlorophyta,producer,72,freshwater,19.752381411340682,7.796811561191796,2015,demo,growth,0.015380355326013272,mmol/L,-1.813033631092177,248.22017641206315,1.6245387855921807,64.57540057857877,0.2440224680681844,0.14018718894582882,0.9674662729250108,0.87654360408152,2.0,False,False
CHEM_00100,Demo chemical 100,10100-00-0,CCCCO,fish_96h_lc50,uv_filter,Pimephales promelas,Pimephales,DemoFamily,DemoOrder,DemoClass,Chordata,consumer,96,freshwater,20.855592796494264,7.675596411755558,2024,demo,mortality,0.005933525457887917,mmol/L,-2.2266871899473366,398.75958460986493,4.062263334207443,73.15776020866359,2.9465692161075836,0.1740823843561219,-0.2138045580904907,2.309844422090078,4.0,False,True
CHEM_00101,Demo chemical 101,10101-00-0,CCO,fish_96h_lc50,flame_retardant,Pimephales promelas,Pimephales,DemoFamily,DemoOrder,DemoClass,Chordata,consumer,96,freshwater,20.93235532439462,7.349515158486614,2004,demo,mortality,0.01093989481828036,mmol/L,-1.9609868535108175,241.26838787509325,3.1965422644186026,71.24545743828986,2.985789439143516,0.6717280213239125,-1.29188226823169,-0.25396267804778105,5.0,False,False
CHEM_00102,Demo chemical 102,10102-00-0,c1ccccc1,algae_72h_ec50,pharma,Chlorella vulgaris,Chlorella,DemoFamily,DemoOrder,DemoClass,Chlorophyta,producer,72,freshwater,22.491269920343747,7.8838362103000295,2010,demo,growth,0.05060477094515358,mmol/L,-1.295808536569722,111.34327174328135,4.53440006049456,52.40626949714878,0.9704904484129213,1.6632968568528423,-1.1269879102008638,0.4048550876357089,2.0,False,False
CHEM_00103,Demo chemical 103,10103-00-0,CC(C)N,algae_72h_ec50,pharma,Raphidocelis subcapitata,Raphidocelis,DemoFamily,DemoOrder,DemoClass,Chlorophyta,producer,72,freshwater,19.365122890324635,7.434139588982419,2018,demo,growth,0.12915156022812296,mmol/L,-0.8889003429217798,294.48602190585206,3.712713640338627,65.8246283369476,0.49580285454605777,1.0753464465858498,1.4736113922530956,1.2487577724105066,3.0,False,False
CHEM_00104,Demo chemical 104,10104-00-0,CCO,algae_72h_ec50,flame_retardant,Pseudokirchneriella subcapitata,Pseudokirchneriella,DemoFamily,DemoOrder,DemoClass,Chlorophyta,producer,72,freshwater,23.72463512278976,7.7410609785226,1997,demo,growth,0.023985956714817812,mmol/L,-1.620042954384672,176.73412181628498,2.693705571584388,89.5478726834007,3.6350003146994765,1.4604372079999157,0.46221248901062467,-1.4098194289478103,1.0,False,False
CHEM_00105,Demo chemical 105,10105-00-0,CC(C)O,fish_96h_lc50,pharma,Pimephales promelas,Pimephales,DemoFamily,DemoOrder,DemoClass,Chordata,consumer,96,freshwater,21.02639962215436,7.332460502429985,1999,demo,mortality,0.028678743777897992,mmol/L,-1.542439876096136,210.66755080276124,2.8032183167052986,73.89341223256817,8.459463682819097,0.0,0.25590685010422287,1.2609373235629844,4.0,False,False
CHEM_00106,Demo chemical 106,10106-00-0,CC(=O)O,fish_96h_lc50,pharma,Pimephales promelas,Pimephales,DemoFamily,DemoOrder,DemoClass,Chordata,consumer,96,freshwater,20.781061192639033,8.060474510013558,2020,demo,mortality,0.007159950861194222,mmol/L,-2.1450899582487684,428.34188884447786,4.6945883395343815,79.42278013645823,4.362628435722839,0.2708451014901677,-0.21722615821867644,0.8244270623849798,5.0,False,True
CHEM_00107,Demo chemical 107,10107-00-0,CCO,fish_96h_lc50,flame_retardant,Danio rerio,Danio,DemoFamily,DemoOrder,DemoClass,Chordata,consumer,96,freshwater,19.12002459094058,6.317752470261972,2000,demo,mortality,0.0031916659444398217,mmol/L,-2.4959825703534153,228.32574958737536,2.3852129994433047,42.636131387184406,1.5053650606116622,1.8966725211225335,-1.635463248457858,-0.664626000063131,3.0,False,False
CHEM_00108,Demo chemical 108,10108-00-0,CCCOC,algae_72h_ec50,surfactant,Pseudokirchneriella subcapitata,Pseudokirchneriella,DemoFamily,DemoOrder,DemoClass,Chlorophyta,producer,72,freshwater,18.81355963025928,7.369781995392187,2012,demo,growth,0.20755484613889902,mmol/L,-0.6828671219491007,365.09643858873847,3.3271668079343883,65.8008079296707,5.019796496953071,0.9158206925993031,1.5164401005894037,-0.39524414500347166,5.0,False,False
CHEM_00109,Demo chemical 109,10109-00-0,CC(C)N,daphnia_48h_ec50,flame_retardant,Daphnia magna,Daphnia,DemoFamily,DemoOrder,DemoClass,Arthropoda,consumer,48,freshwater,20.919411910029975,7.895421296986126,2020,demo,mortality,0.8171516221729835,mmol/L,-0.08769735281448182,257.25940510017386,5.6423820730696725,67.14638845421254,4.080513004000926,0.0,0.9629605732494478,-1.360258366289327,2.0,False,True
CHEM_00110,Demo chemical 110,10110-00-0,CC(C)N,daphnia_48h_ec50,flame_retardant,Daphnia magna,Daphnia,DemoFamily,DemoOrder,DemoClass,Arthropoda,consumer,48,freshwater,24.191997500450878,6.917144834832177,1998,demo,mortality,0.09627379423262686,mmol/L,-1.0164919119303244,258.758828755767,4.85005270604963,59.73168426150382,3.218644794801609,2.364682144435651,-0.19076046033454871,0.44997834134654807,2.0,False,False
CHEM_00111,Demo chemical 111,10111-00-0,CC(=O)O,daphnia_48h_ec50,uv_filter,Moina macrocopa,Moina,DemoFamily,DemoOrder,DemoClass,Arthropoda,consumer,48,freshwater,18.767413823615783,7.490925889869741,2017,demo,mortality,0.0018928376514752835,mmol/L,-2.7228866338397086,312.20876242228286,2.5286164173286805,77.561171578164,2.754919694668894,0.1426389385106045,-1.3730030168855392,-0.35361474161364437,2.0,False,False
CHEM_00112,Demo chemical 112,10112-00-0,CCCCO,daphnia_48h_ec50,flame_retardant,Ceriodaphnia dubia,Ceriodaphnia,DemoFamily,DemoOrder,DemoClass,Arthropoda,consumer,48,freshwater,20.660579891233184,7.4153064789822425,2008,demo,mortality,0.1337650412689324,mmol/L,-0.8736573721267827,157.99316046781092,4.3543724275892615,36.3704186414236,4.997438882139447,0.0,-0.624603408215179,-0.043133589640907445,1.0,False,False
CHEM_00113,Demo chemical 113,10113-00-0,CCO,fish_96h_lc50,pharma,Pimephales promelas,Pimephales,DemoFamily,DemoOrder,DemoClass,Chordata,consumer,96,freshwater,22.624050524439827,7.37393024404591,1998,demo,mortality,0.00132136621766269,mmol/L,-2.8789768006533443,293.8502703713757,4.574726291977215,20.050666142202807,0.1309385285737643,0.0,-1.6823264817910268,-2.7496760196305754,5.0,False,False
CHEM_00114,Demo chemical 114,10114-00-0,CCO,daphnia_48h_ec50,uv_filter,Moina macrocopa,Moina,DemoFamily,DemoOrder,DemoClass,Arthropoda,consumer,48,freshwater,21.110720457017152,7.623756628062778,2016,demo,mortality,0.009705454516352326,mmol/L,-2.0129841213450055,216.04298321744818,4.794654846835686,83.97039673033387,5.9629594986162315,0.06813752283116792,-2.134693667476856,2.008755386185139,4.0,False,False
CHEM_00115,Demo chemical 115,10115-00-0,CC(C)N,fish_96h_lc50,flame_retardant,Oncorhynchus mykiss,Oncorhynchus,DemoFamily,DemoOrder,DemoClass,Chordata,consumer,96,freshwater,22.72770064986538,7.40533647013924,2020,demo,mortality,0.5743584354288104,mmol/L,-0.24081699619794983,175.57882501839595,5.319642376070403,54.782003539983,0.438523784873059,0.35740792643863584,0.8399226051327979,0.5511917287016942,2.0,False,True
CHEM_00116,Demo chemical 116,10116-00-0,CCCCO,fish_96h_lc50,pharma,Oncorhynchus mykiss,Oncorhynchus,DemoFamily,DemoOrder,DemoClass,Chordata,consumer,96,freshwater,21.54306651952384,7.823648524396098,1996,demo,mortality,0.0015108370494429815,mmol/L,-2.8207823737443305,192.0525984473439,2.801934380957304,52.6906081177155,3.708379083822368,0.6863681633034148,-0.6283711081194786,0.1399243120391134,2.0,False,False
CHEM_00117,Demo chemical 117,10117-00-0,CC(C)O,algae_72h_ec50,uv_filter,Chlorella vulgaris,Chlorella,DemoFamily,DemoOrder,DemoClass,Chlorophyta,producer,72,freshwater,19.56012840946733,7.636603474214721,2002,demo,growth,0.008277870943544232,mmol/L,-2.082081348766801,199.21494688228347,2.103831440249275,63.24119118125749,3.974122463792824,0.0,0.7297156737837084,-1.2623892988571654,2.0,False,False
CHEM_00118,Demo chemical 118,10118-00-0,C1CCCCC1,algae_72h_ec50,surfactant,Pseudokirchneriella subcapitata,Pseudokirchneriella,DemoFamily,DemoOrder,DemoClass,Chlorophyta,producer,72,freshwater,19.761267601446246,6.8516345926767395,2021,demo,growth,2.6244580966567037,mmol/L,0.41903964300774177,72.86501031655976,3.914871895761896,83.79244010575286,0.0,1.7542126409802203,0.5502024960264408,-0.9849949277244419,3.0,False,True
CHEM_00119,Demo chemical 119,10119-00-0,c1ccccc1,daphnia_48h_ec50,surfactant,Moina macrocopa,Moina,DemoFamily,DemoOrder,DemoClass,Arthropoda,consumer,48,freshwater,23.15553640986377,7.072962492382046,2020,demo,mortality,0.45256192314280264,mmol/L,-0.3443219887476443,236.0929839924307,2.624507367037224,67.55941995989397,3.8901302675941647,1.9061518564156712,0.4525384189795919,1.2645398093380364,5.0,False,True
CHEM_00120,Demo chemical 120,10120-00-0,CCCOC,fish_96h_lc50,pharma,Oncorhynchus mykiss,Oncorhynchus,DemoFamily,DemoOrder,DemoClass,Chordata,consumer,96,freshwater,19.495251750031034,7.482968551582222,2001,demo,mortality,0.0024279109504528897,mmol/L,-2.61476724611249,358.64968766938085,4.109694926238879,63.90526062959545,4.157197412230075,0.45754277720520065,-0.38380092570774543,0.5321293738814383,5.0,False,False
CHEM_00121,Demo chemical 121,10121-00-0,CC(=O)O,fish_96h_lc50,uv_filter,Pimephales promelas,Pimephales,DemoFamily,DemoOrder,DemoClass,Chordata,consumer,96,freshwater,22.264104576828355,6.562280842484529,2006,demo,mortality,0.2814642151036185,mmol/L,-0.5505768127875277,189.18479291048754,4.1928830930231,60.931149466557216,7.180904595832047,1.3000497215138722,0.7618547740424635,1.0778433557451819,5.0,False,False
CHEM_00122,Demo chemical 122,10122-00-0,CCCOC,daphnia_48h_ec50,flame_retardant,Daphnia magna,Daphnia,DemoFamily,DemoOrder,DemoClass,Arthropoda,consumer,48,freshwater,20.016563819915856,7.418487255550181,1999,demo,mortality,0.018853115453365644,mmol/L,-1.7246168729167346,261.67506353158194,3.4795545327950443,65.66137176019978,1.0577695312302193,1.402438934701492,-1.7652203153028492,-2.414107851031037,3.0,False,False
CHEM_00123,Demo chemical 123,10123-00-0,CC(C)N,fish_96h_lc50,pharma,Oncorhynchus mykiss,Oncorhynchus,DemoFamily,DemoOrder,DemoClass,Chordata,consumer,96,freshwater,21.072593938361788,7.3457480073907355,2010,demo,mortality,0.0037859652872579658,mmol/L,-2.421823372311321,240.46649301376635,4.90344577675266,56.4268966197222,3.5271071600709734,0.0,-0.6941385611456656,0.388474200851541,2.0,False,False
CHEM_00124,Demo chemical 124,10124-00-0,CC(C)O,daphnia_48h_ec50,flame_retardant,Moina macrocopa,Moina,DemoFamily,DemoOrder,DemoClass,Arthropoda,consumer,48,freshwater,18.6075758968402,7.589586971349379,2005,demo,mortality,2.4776536039221533,mmol/L,0.3940405883915815,260.2897273993013,6.364342159488707,37.997288925513885,4.003998712830175,1.2255646939153257,1.7982877009230627,-0.6986804359848298,4.0,False,False
CHEM_00125,Demo chemical 125,10125-00-0,CCCOC,daphnia_48h_ec50,uv_filter,Ceriodaphnia dubia,Ceriodaphnia,DemoFamily,DemoOrder,DemoClass,Arthropoda,consumer,48,freshwater,19.438799106323874,6.899732238887264,2021,demo,mortality,0.05633926132462686,mmol/L,-1.2491888514351144,286.0016538737466,3.227096704827339,27.698982188304242,1.9491797444441912,0.5697509229142884,0.9885318628514624,1.2284208122801512,5.0,False,True
CHEM_00126,Demo chemical 126,10126-00-0,CCCOC,daphnia_48h_ec50,pfas,Daphnia magna,Daphnia,DemoFamily,DemoOrder,DemoClass,Arthropoda,consumer,48,freshwater,17.236101937272736,7.287249002422897,2007,demo,mortality,0.035227955275612004,mmol/L,-1.4531125636961213,206.9347037710736,3.7975370730222497,57.17208995712396,1.5018800586438945,1.328169612543641,-0.5348113382185579,-0.4657681648580778,4.0,False,True
CHEM_00127,Demo chemical 127,10127-00-0,CCN,fish_96h_lc50,pharma,Pimephales promelas,Pimephales,DemoFamily,DemoOrder,DemoClass,Chordata,consumer,96,freshwater,19.093123403262815,7.603923142722204,1995,demo,mortality,0.0015314342497650501,mmol/L,-2.814901644353458,159.76375811954648,2.9079183915407856,62.82838946681088,6.0498433862507985,0.8688371999784028,-2.325371374874287,-0.5809601885314832,3.0,False,False
CHEM_00128,Demo chemical 128,10128-00-0,CCCOC,fish_96h_lc50,surfactant,Pimephales promelas,Pimephales,DemoFamily,DemoOrder,DemoClass,Chordata,consumer,96,freshwater,17.32323517735231,7.918926114429503,2015,demo,mortality,0.06770007970799095,mmol/L,-1.1694108199895934,240.94652722168823,2.284779378334206,62.531934205553874,1.2046276737631927,0.4698388733157889,-0.5284261311155256,1.9229461940665773,1.0,False,False
CHEM_00129,Demo chemical 129,10129-00-0,CCOC(=O)C,fish_96h_lc50,pharma,Pimephales promelas,Pimephales,DemoFamily,DemoOrder,DemoClass,Chordata,consumer,96,freshwater,17.116042528719973,7.293395703135667,2019,demo,mortality,0.014949465857724683,mmol/L,-1.825374324342019,207.65821546400855,3.5879303775028357,60.75046464679197,5.829248107973693,0.0,-0.09087092962596285,-0.18955551153927852,3.0,False,False
CHEM_00130,Demo chemical 130,10130-00-0,CC(=O)O,daphnia_48h_ec50,pharma,Moina macrocopa,Moina,DemoFamily,DemoOrder,DemoClass,Arthropoda,consumer,48,freshwater,18.84600725724493,7.625527608042849,2015,demo,mortality,0.05343878213541092,mmol/L,-1.2721434479482596,218.90934551465455,5.272872397969603,70.13166308380508,3.0165051605397304,1.7142846530583644,0.6712280116136986,-0.7745100615133954,4.0,False,False
CHEM_00131,Demo chemical 131,10131-00-0,CCCOC,algae_72h_ec50,pfas,Raphidocelis subcapitata,Raphidocelis,DemoFamily,DemoOrder,DemoClass,Chlorophyta,producer,72,freshwater,17.647599366713134,7.188957628900694,2012,demo,growth,0.44685025032549563,mmol/L,-0.34983799443745245,337.93532444382504,4.254555552332364,94.19887908024143,2.739834979488661,0.15427610068938047,2.2676442038992546,-1.0518872728984137,1.0,False,True
CHEM_00132,Demo chemical 132,10132-00-0,c1ccccc1,fish_96h_lc50,pharma,Pimephales promelas,Pimephales,DemoFamily,DemoOrder,DemoClass,Chordata,consumer,96,freshwater,20.144035283834103,6.981863526213586,2018,demo,mortality,0.0032648450953978864,mmol/L,-2.486137419537406,317.37015673101064,2.398695755098983,116.19137940192785,7.412183516255279,1.895600544642333,-0.3109888999242757,0.29691587073611253,5.0,False,False
CHEM_00133,Demo chemical 133,10133-00-0,CC(=O)O,daphnia_48h_ec50,surfactant,Ceriodaphnia dubia,Ceriodaphnia,DemoFamily,DemoOrder,DemoClass,Arthropoda,consumer,48,freshwater,22.425767383446313,7.943667924596853,2013,demo,mortality,0.002284935765978789,mmol/L,-2.6411260042913174,366.98842107786885,4.471033678223807,61.90878076975472,0.8159739955170893,1.2412418454503233,-2.4363756632473224,1.0155152164829295,3.0,False,False
CHEM_00134,Demo chemical 134,10134-00-0,CCO,fish_96h_lc50,pharma,Oncorhynchus mykiss,Oncorhynchus,DemoFamily,DemoOrder,DemoClass,Chordata,consumer,96,freshwater,18.87305714914986,7.322795138703413,2016,demo,mortality,0.001316447601912226,mmol/L,-2.880596422280097,271.90739186467647,3.1390824981839183,22.95676289197597,3.9205874353060444,1.353963683975769,-0.327305430255024,-0.3044267628566672,2.0,False,False
CHEM_00135,Demo chemical 135,10135-00-0,CCCCO,daphnia_48h_ec50,flame_retardant,Daphnia magna,Daphnia,DemoFamily,DemoOrder,DemoClass,Arthropoda,consumer,48,freshwater,20.547607690647038,7.497153257948594,2001,demo,mortality,0.03046665478350286,mmol/L,-1.5161752283773018,288.1628101781166,3.4993242834524496,60.793870531951235,4.340353886383864,0.6302983398620435,0.960734307594464,0.6643536742399312,2.0,False,False
CHEM_00136,Demo chemical 136,10136-00-0,c1ccccc1,fish_96h_lc50,surfactant,Danio rerio,Danio,DemoFamily,DemoOrder,DemoClass,Chordata,consumer,96,freshwater,21.347588787335514,7.844211883184578,2004,demo,mortality,0.049302732725083113,mmol/L,-1.307129008217036,229.13372332763333,0.9707727348627166,75.38472416074256,7.117632495598171,0.29911206061763385,0.64455841198398,-0.22645458454413847,3.0,False,False
CHEM_00137,Demo chemical 137,10137-00-0,CC(C)O,algae_72h_ec50,pharma,Pseudokirchneriella subcapitata,Pseudokirchneriella,DemoFamily,DemoOrder,DemoClass,Chlorophyta,producer,72,freshwater,18.198615632574647,7.2650716948944885,2004,demo,growth,0.012756226573678349,mmol/L,-1.8942777755043083,283.16930280213626,4.1943939605782,61.75925792662004,4.021971027055051,1.7031632221607143,0.21958492717994416,-1.4973731700945367,4.0,False,False
CHEM_00138,Demo chemical 138,10138-00-0,CC(=O)O,algae_72h_ec50,pharma,Chlorella vulgaris,Chlorella,DemoFamily,DemoOrder,DemoClass,Chlorophyta,producer,72,freshwater,19.401324184496556,7.768845726038575,2024,demo,growth,0.0050475091759048275,mmol/L,-2.296922882876406,252.61561802026165,2.158033019352147,52.308997799641666,4.950256134696017,0.44645304306031197,-0.6415427207828466,-0.16865175340045263,1.0,False,True
CHEM_00139,Demo chemical 139,10139-00-0,CCN,algae_72h_ec50,pharma,Chlorella vulgaris,Chlorella,DemoFamily,DemoOrder,DemoClass,Chlorophyta,producer,72,freshwater,19.58193548794516,7.771409580560011,2013,demo,growth,0.019179175737438724,mmol/L,-1.7171700614184406,302.4494448937106,2.1984672530765144,88.25026139922012,3.2584436610758765,1.1884558965119152,1.024098839841025,0.8719343665194511,1.0,False,False
CHEM_00140,Demo chemical 140,10140-00-0,CC(=O)O,algae_72h_ec50,flame_retardant,Chlorella vulgaris,Chlorella,DemoFamily,DemoOrder,DemoClass,Chlorophyta,producer,72,freshwater,16.74783102274697,7.78994186862248,2011,demo,growth,0.6050205051689902,mmol/L,-0.21822990612301257,154.45076154204327,2.2226327046485936,23.432093771169953,6.8442126998471124,0.6345520154090687,1.8089145420827708,0.10144743065004946,2.0,False,False
CHEM_00141,Demo chemical 141,10141-00-0,CC(C)O,daphnia_48h_ec50,flame_retardant,Daphnia magna,Daphnia,DemoFamily,DemoOrder,DemoClass,Arthropoda,consumer,48,freshwater,15.687953914900039,7.39343458636993,2013,demo,mortality,0.040368470100111804,mmol/L,-1.3939577093380013,265.9708014329212,1.6265564933733436,70.85716448955192,2.8368121314367896,0.0,1.0245126754266898,0.45301875631217164,4.0,False,False
CHEM_00142,Demo chemical 142,10142-00-0,CCO,fish_96h_lc50,uv_filter,Oncorhynchus mykiss,Oncorhynchus,DemoFamily,DemoOrder,DemoClass,Chordata,consumer,96,freshwater,20.06474020145406,7.558928932194588,2010,demo,mortality,0.025670852375377716,mmol/L,-1.590559710768478,205.63420754876424,4.785565446715538,72.05873887510444,3.0603269830025464,1.3483666687659344,0.6191050184648526,-0.7804334546444512,1.0,False,False
CHEM_00143,Demo chemical 143,10143-00-0,CC(C)O,daphnia_48h_ec50,pharma,Daphnia magna,Daphnia,DemoFamily,DemoOrder,DemoClass,Arthropoda,consumer,48,freshwater,17.81252587656666,7.9107622985282475,2020,demo,mortality,0.004650612831062436,mmol/L,-2.332489814505276,345.2244562808094,-0.1571590784233048,47.67901948887749,0.15699093890272353,1.903192880769614,1.025348034257755,-0.05510209904228934,4.0,False,True
CHEM_00144,Demo chemical 144,10144-00-0,c1ccccc1,daphnia_48h_ec50,uv_filter,Daphnia magna,Daphnia,DemoFamily,DemoOrder,DemoClass,Arthropoda,consumer,48,freshwater,22.58701993691874,6.959960352749432,2006,demo,mortality,0.050624371616307194,mmol/L,-1.2956403544985398,168.6220527118687,4.5394702410302346,74.64855619525676,7.208458209370027,0.97336420838645,-0.4035921185193341,-1.1619344063800876,4.0,False,False
CHEM_00145,Demo chemical 145,10145-00-0,CC(C)O,fish_96h_lc50,flame_retardant,Pimephales promelas,Pimephales,DemoFamily,DemoOrder,DemoClass,Chordata,consumer,96,freshwater,18.18179422279329,7.151513571189675,2022,demo,mortality,0.00225838973137987,mmol/L,-2.646201109540201,257.5861487784301,2.026501339169788,16.392675825236225,8.001926203180307,1.0451292537356567,-0.3796764708481731,0.24537100899533215,4.0,False,True
CHEM_00146,Demo chemical 146,10146-00-0,CCCOC,daphnia_48h_ec50,uv_filter,Ceriodaphnia dubia,Ceriodaphnia,DemoFamily,DemoOrder,DemoClass,Arthropoda,consumer,48,freshwater,20.328641318763832,7.2438039712578295,2019,demo,mortality,0.004163042876465558,mmol/L,-2.3805891161570605,267.22421039532094,2.2705653045043923,78.16125687035971,3.458212745858125,0.8110959265776115,-0.2863661358651756,-0.734387757391301,1.0,False,False
CHEM_00147,Demo chemical 147,10147-00-0,CC(C)O,fish_96h_lc50,pfas,Pimephales promelas,Pimephales,DemoFamily,DemoOrder,DemoClass,Chordata,consumer,96,freshwater,17.319287583957593,7.807942757222142,1999,demo,mortality,0.11660109614257722,mmol/L,-0.933297366846001,215.56333332304337,4.455852836623996,55.28331512371637,0.21365767752378995,1.173818526582899,-0.3066972878259372,1.5750828276087308,4.0,False,True
CHEM_00148,Demo chemical 148,10148-00-0,C1CCCCC1,daphnia_48h_ec50,pfas,Ceriodaphnia dubia,Ceriodaphnia,DemoFamily,DemoOrder,DemoClass,Arthropoda,consumer,48,freshwater,18.465565862938718,7.177487271726126,2001,demo,mortality,0.08277630776385313,mmol/L,-1.0820939492030335,205.16404249575396,3.537256640586265,54.958743691932874,1.2795131248156513,1.312580020871117,-0.28987561547486984,0.5453232619670604,2.0,False,True
CHEM_00149,Demo chemical 149,10149-00-0,CC(C)N,fish_96h_lc50,flame_retardant,Oncorhynchus mykiss,Oncorhynchus,DemoFamily,DemoOrder,DemoClass,Chordata,consumer,96,freshwater,18.668244577759125,7.673603929380043,2017,demo,mortality,0.050034023346360326,mmol/L,-1.300734573133613,281.36087498926054,3.8646049107650753,58.16919961163584,4.503708830590011,0.0,-0.5308218281296473,1.1226782545637386,1.0,False,False
CHEM_00150,Demo chemical 150,10150-00-0,CCCOC,fish_96h_lc50,surfactant,Oncorhynchus mykiss,Oncorhynchus,DemoFamily,DemoOrder,DemoClass,Chordata,consumer,96,freshwater,23.18043761124356,7.563719113531857,1999,demo,mortality,0.06552043310783662,mmol/L,-1.1836232404338127,345.1027291483099,4.2508106859153845,34.709160161041716,3.943833849791936,0.4717599071824088,0.6587973683661927,0.5818504393070786,1.0,False,False
CHEM_00151,Demo chemical 151,10151-00-0,CCOC(=O)C,algae_72h_ec50,surfactant,Raphidocelis subcapitata,Raphidocelis,DemoFamily,DemoOrder,DemoClass,Chlorophyta,producer,72,freshwater,20.41082105392252,7.30876677689847,2024,demo,growth,0.04724582093462414,mmol/L,-1.3256366003885625,260.3943883332859,3.4162414570854347,33.33051362531598,6.616493213759821,0.6052254326768993,-1.4718123513241856,0.659484214251896,5.0,False,True
CHEM_00152,Demo chemical 152,10152-00-0,CC(C)O,fish_96h_lc50,pfas,Oncorhynchus mykiss,Oncorhynchus,DemoFamily,DemoOrder,DemoClass,Chordata,consumer,96,freshwater,21.32007498358067,8.266577950694163,2010,demo,mortality,0.05626683742968138,mmol/L,-1.249747494397044,308.9469224736041,2.944933140410504,79.93109768996808,2.473121365378679,0.0,0.2945928425583791,-0.9943351084951194,1.0,False,True
CHEM_00153,Demo chemical 153,10153-00-0,CC(C)O,daphnia_48h_ec50,pharma,Daphnia magna,Daphnia,DemoFamily,DemoOrder,DemoClass,Arthropoda,consumer,48,freshwater,20.10757086256464,7.7332432542630976,2022,demo,mortality,4.53962636565126,mmol/L,0.6570201096823378,160.1634360714296,4.420240751994873,35.50590444698919,3.0142804622088812,0.0,1.1589495823768998,-0.6027193630302223,4.0,False,True
CHEM_00154,Demo chemical 154,10154-00-0,C1CCCCC1,daphnia_48h_ec50,uv_filter,Moina macrocopa,Moina,DemoFamily,DemoOrder,DemoClass,Arthropoda,consumer,48,freshwater,19.93532576260957,7.712277575209893,2019,demo,mortality,0.011545780086741288,mmol/L,-1.9375767187951494,387.78879535965194,3.8274350216309276,67.59375161227968,3.6079914043099683,0.7262776874143622,-0.17287108244343635,-1.406914165601862,4.0,False,False
CHEM_00155,Demo chemical 155,10155-00-0,CC(=O)O,fish_96h_lc50,pharma,Danio rerio,Danio,DemoFamily,DemoOrder,DemoClass,Chordata,consumer,96,freshwater,20.814527787470936,7.654823491758298,1995,demo,mortality,0.0012614329949544119,mmol/L,-2.899135813473329,204.10832450775098,1.956643955949451,59.31050269930734,1.6926501672004788,1.126758440399788,0.053752562990502024,1.0224072253604721,2.0,False,False
CHEM_00156,Demo chemical 156,10156-00-0,CC(C)N,daphnia_48h_ec50,surfactant,Moina macrocopa,Moina,DemoFamily,DemoOrder,DemoClass,Arthropoda,consumer,48,freshwater,21.637527900694884,7.53783701318308,1997,demo,mortality,0.32579565391098836,mmol/L,-0.4870547134439152,212.56189493405662,2.744786618798595,69.35639565819314,5.569377432263373,1.696658216293311,0.6294040061022004,-0.8045266302248135,3.0,False,False
CHEM_00157,Demo chemical 157,10157-00-0,CCCCO,fish_96h_lc50,uv_filter,Pimephales promelas,Pimephales,DemoFamily,DemoOrder,DemoClass,Chordata,consumer,96,freshwater,17.90542570723238,7.1807386568980665,2018,demo,mortality,0.0220320363858374,mmol/L,-1.6569453598506159,112.84112836031028,2.643416603337547,75.43748584739657,4.422772950096535,1.3123639456431058,-0.279676831132893,0.4963430343407315,4.0,False,False
CHEM_00158,Demo chemical 158,10158-00-0,c1ccccc1,daphnia_48h_ec50,pharma,Ceriodaphnia dubia,Ceriodaphnia,DemoFamily,DemoOrder,DemoClass,Arthropoda,consumer,48,freshwater,21.11029136388966,7.517686801160073,2000,demo,mortality,0.015349568054624249,mmol/L,-1.8139038413029258,289.1507151150727,3.1889488888219,61.253966064734286,2.3817480301179206,1.0541370064501676,0.21509813581903608,-0.028017784895743934,1.0,False,False
CHEM_00159,Demo chemical 159,10159-00-0,CCOC(=O)C,fish_96h_lc50,pfas,Pimephales promelas,Pimephales,DemoFamily,DemoOrder,DemoClass,Chordata,consumer,96,freshwater,18.402388510214035,7.3593901059426825,2011,demo,mortality,1.1715886918413632,mmol/L,0.06877517122516608,283.7831215300288,4.7821544806931575,61.96003828198766,4.497867820793315,1.6770432498461838,2.337845119172165,0.3190948340235742,5.0,False,True
CHEM_00160,Demo chemical 160,10160-00-0,CC(C)N,fish_96h_lc50,pharma,Pimephales promelas,Pimephales,DemoFamily,DemoOrder,DemoClass,Chordata,consumer,96,freshwater,21.873138711713576,7.354249082842704,2006,demo,mortality,0.021024618711006936,mmol/L,-1.6772718715446624,223.42651761287956,6.744782128735263,67.88475298884062,4.254724951312971,0.949193060449385,-0.6942637622480688,0.7314924079409346,2.0,False,False
CHEM_00161,Demo chemical 161,10161-00-0,CCOC(=O)C,fish_96h_lc50,uv_filter,Oncorhynchus mykiss,Oncorhynchus,DemoFamily,DemoOrder,DemoClass,Chordata,consumer,96,freshwater,18.112092950555997,8.020463339460813,2021,demo,mortality,0.013295643811207344,mmol/L,-1.8762906281041296,298.07674277599176,3.8990387757171687,43.81092541805344,5.266843082054699,1.4839947005430987,0.6774848420913938,1.2472114211424503,1.0,False,True
CHEM_00162,Demo chemical 162,10162-00-0,CCOC(=O)C,algae_72h_ec50,uv_filter,Pseudokirchneriella subcapitata,Pseudokirchneriella,DemoFamily,DemoOrder,DemoClass,Chlorophyta,producer,72,freshwater,20.670084735074827,7.520679328571446,2015,demo,growth,0.004061549902243385,mmol/L,-2.3913082064365803,190.92987352983135,2.7605898989905713,42.98360755234614,4.962057329527311,1.406182761310602,-0.2996530640553656,0.6030068534266765,1.0,False,False
CHEM_00163,Demo chemical 163,10163-00-0,CCCCO,daphnia_48h_ec50,pfas,Ceriodaphnia dubia,Ceriodaphnia,DemoFamily,DemoOrder,DemoClass,Arthropoda,consumer,48,freshwater,24.02185222480103,7.719593149630764,2014,demo,mortality,0.07717160355496352,mmol/L,-1.1125424754162818,101.00121979001639,2.297149105080539,25.189940219443685,5.452196722892669,0.25514120964631737,0.01733462915130733,-0.9991448913310123,2.0,False,True
CHEM_00164,Demo chemical 164,10164-00-0,CC(=O)O,daphnia_48h_ec50,pfas,Daphnia magna,Daphnia,DemoFamily,DemoOrder,DemoClass,Arthropoda,consumer,48,freshwater,19.64628161285441,7.536320009444019,2004,demo,mortality,0.12052682735642023,mmol/L,-0.9189162752791507,101.49507463084345,3.283631572580559,60.2814416574701,5.209583165101136,1.864684963960697,-0.8133904123466764,-0.2943477235272498,1.0,False,True
CHEM_00165,Demo chemical 165,10165-00-0,CCOC(=O)C,algae_72h_ec50,flame_retardant,Chlorella vulgaris,Chlorella,DemoFamily,DemoOrder,DemoClass,Chlorophyta,producer,72,freshwater,20.027796418665023,7.5045110786474645,1996,demo,growth,1.9809247257311913,mmol/L,0.29686797285268607,215.26396533928914,4.4484721723594065,79.59170682311947,3.803852862934985,0.4805896643118911,1.291686465658673,-1.4855620032310715,3.0,False,False
CHEM_00166,Demo chemical 166,10166-00-0,CCO,daphnia_48h_ec50,flame_retardant,Ceriodaphnia dubia,Ceriodaphnia,DemoFamily,DemoOrder,DemoClass,Arthropoda,consumer,48,freshwater,24.37172753283525,7.610915812484339,1996,demo,mortality,0.02603271569948516,mmol/L,-1.5844805244846432,256.87947845981,2.547147749961376,38.00683308311317,4.970163534128259,0.1379509369061397,0.15092152680649595,-1.2869074405363745,4.0,False,False
CHEM_00167,Demo chemical 167,10167-00-0,CCN,algae_72h_ec50,pharma,Raphidocelis subcapitata,Raphidocelis,DemoFamily,DemoOrder,DemoClass,Chlorophyta,producer,72,freshwater,17.21265503126766,7.877037448359917,1997,demo,growth,0.01548631332485045,mmol/L,-1.810051958176128,246.87208630267577,3.391769103947134,41.94986987113417,4.984593823876073,0.5035851034810708,-0.3049732187131,-1.582167016126918,4.0,False,False
CHEM_00168,Demo chemical 168,10168-00-0,CCOC(=O)C,daphnia_48h_ec50,pharma,Daphnia magna,Daphnia,DemoFamily,DemoOrder,DemoClass,Arthropoda,consumer,48,freshwater,17.635098855587124,7.632798197382773,2001,demo,mortality,0.000648723217960314,mmol/L,-3.187940558287441,343.2537671907055,2.2561016301564116,58.30960236977053,4.4933662992214884,1.8676691131710759,-2.3812673401219207,0.5509243808935403,4.0,False,False
CHEM_00169,Demo chemical 169,10169-00-0,CCCCO,algae_72h_ec50,pharma,Chlorella vulgaris,Chlorella,DemoFamily,DemoOrder,DemoClass,Chlorophyta,producer,72,freshwater,19.089037502290367,7.666547259255582,2006,demo,growth,0.036696986953247156,mmol/L,-1.4353695925134955,234.40160911041704,4.073132875708125,75.7873311133941,1.8191054948990448,1.5050197840972612,0.6084517364296791,0.9083932972673044,3.0,False,False
CHEM_00170,Demo chemical 170,10170-00-0,CCOC(=O)C,fish_96h_lc50,uv_filter,Oncorhynchus mykiss,Oncorhynchus,DemoFamily,DemoOrder,DemoClass,Chordata,consumer,96,freshwater,22.20988097791545,7.610783470087746,2007,demo,mortality,0.2927916180186836,mmol/L,-0.5334413603333821,147.75293098305573,5.763426990267298,49.06924413943244,4.917118272424338,1.2904073981716133,1.2352473883102724,0.697488311921,5.0,False,False
CHEM_00171,Demo chemical 171,10171-00-0,CCO,daphnia_48h_ec50,surfactant,Ceriodaphnia dubia,Ceriodaphnia,DemoFamily,DemoOrder,DemoClass,Arthropoda,consumer,48,freshwater,25.14503487393946,7.1999993055005955,1997,demo,mortality,0.4712644790537397,mmol/L,-0.3267352933876511,285.73292122231226,4.869776921723862,84.05401613072291,2.9851988471991495,0.7551047612320368,-0.42660498305909955,-0.4902221500387753,1.0,False,False
CHEM_00172,Demo chemical 172,10172-00-0,CCOC(=O)C,daphnia_48h_ec50,pharma,Moina macrocopa,Moina,DemoFamily,DemoOrder,DemoClass,Arthropoda,consumer,48,freshwater,20.522840825459937,7.830562923957303,2021,demo,mortality,0.09644344245750348,mmol/L,-1.0157272962869563,215.22404210214927,3.943229671639885,50.135563089881785,4.558483107867125,2.0950277055228503,0.013375812715862578,0.05593935013240072,1.0,False,True
CHEM_00173,Demo chemical 173,10173-00-0,CC(C)O,daphnia_48h_ec50,flame_retardant,Moina macrocopa,Moina,DemoFamily,DemoOrder,DemoClass,Arthropoda,consumer,48,freshwater,20.02343283543873,6.546644518817056,2002,demo,mortality,0.4934338941066419,mmol/L,-0.30677102201711604,282.3985855139741,6.181263495437218,54.59206115809116,5.033405637296933,0.0,0.4194648928532483,1.469937230941231,2.0,False,False
CHEM_00174,Demo chemical 174,10174-00-0,CCO,daphnia_48h_ec50,flame_retardant,Daphnia magna,Daphnia,DemoFamily,DemoOrder,DemoClass,Arthropoda,consumer,48,freshwater,25.53487178406452,7.833810218947623,2012,demo,mortality,0.029721784673241363,mmol/L,-1.5269251164972553,177.8311089455159,1.6369910320399348,65.21508768282334,6.098997211726638,1.6751495132426846,-0.4915408261571657,1.4794621438521929,2.0,False,False
CHEM_00175,Demo chemical 175,10175-00-0,CC(=O)O,algae_72h_ec50,pfas,Chlorella vulgaris,Chlorella,DemoFamily,DemoOrder,DemoClass,Chlorophyta,producer,72,freshwater,21.303081241287916,7.748640525248389,1995,demo,growth,0.02773102400982843,mmol/L,-1.5570340931481828,314.93885679972016,2.3362395258619117,56.47268099021339,3.9255014948957463,1.1580450260220028,-0.6917697430023131,-1.1851845805323176,3.0,False,True
CHEM_00176,Demo chemical 176,10176-00-0,CC(C)O,fish_96h_lc50,surfactant,Oncorhynchus mykiss,Oncorhynchus,DemoFamily,DemoOrder,DemoClass,Chordata,consumer,96,freshwater,20.960668591762758,8.51276187109687,2011,demo,mortality,0.04574653741023653,mmol/L,-1.3396417724289469,275.9192205017716,4.951117482110453,91.42671632164735,6.960198407427832,1.8955177295987042,-0.9980235932938778,-0.3877879555492906,1.0,False,False
CHEM_00177,Demo chemical 177,10177-00-0,CCN,fish_96h_lc50,uv_filter,Danio rerio,Danio,DemoFamily,DemoOrder,DemoClass,Chordata,consumer,96,freshwater,18.601956293792146,7.517052409775099,1998,demo,mortality,0.002734825831493241,mmol/L,-2.5630703266723973,230.92509192157578,3.362266461197693,91.85824178245616,3.826590598315753,0.7810368033457854,-0.35469730295967755,0.7903405817847039,1.0,False,False
CHEM_00178,Demo chemical 178,10178-00-0,CC(C)O,algae_72h_ec50,pfas,Chlorella vulgaris,Chlorella,DemoFamily,DemoOrder,DemoClass,Chlorophyta,producer,72,freshwater,16.078308803060935,7.782387898679526,2000,demo,growth,0.060901027875691995,mmol/L,-1.2153753773675522,304.7230330493905,2.763098269586758,27.823865814600566,0.680224237160624,1.2470394214785325,1.123094630441539,-0.8874638247421598,5.0,False,True
CHEM_00179,Demo chemical 179,10179-00-0,c1ccccc1,daphnia_48h_ec50,pharma,Ceriodaphnia dubia,Ceriodaphnia,DemoFamily,DemoOrder,DemoClass,Arthropoda,consumer,48,freshwater,18.268120232335427,6.841001480381024,2007,demo,mortality,0.08968820701488185,mmol/L,-1.047264658015722,198.46333996908413,4.206443933858181,51.07861243082333,4.581466355733645,0.7163299621989134,0.980190871671822,-2.3721955280635143,4.0,False,False
CHEM_00180,Demo chemical 180,10180-00-0,CCCCO,daphnia_48h_ec50,pharma,Moina macrocopa,Moina,DemoFamily,DemoOrder,DemoClass,Arthropoda,consumer,48,freshwater,18.73582835438218,7.746494158621325,2021,demo,mortality,0.0036696533511468075,mmol/L,-2.435374958852684,376.05420737365284,1.4566656657280284,31.172984005318924,0.0,0.0,1.3567631574639631,-0.28073340085071186,2.0,False,True
CHEM_00181,Demo chemical 181,10181-00-0,CCCOC,daphnia_48h_ec50,pharma,Moina macrocopa,Moina,DemoFamily,DemoOrder,DemoClass,Arthropoda,consumer,48,freshwater,22.055162141107644,7.092673787055497,1999,demo,mortality,0.07316982251565096,mmol/L,-1.1356679984115556,340.70314180512094,6.028261679933776,48.463030537033745,4.204944734206314,0.8059047620797806,-0.016836723733426057,-0.9580116007012293,1.0,False,False
CHEM_00182,Demo chemical 182,10182-00-0,CCCOC,daphnia_48h_ec50,flame_retardant,Daphnia magna,Daphnia,DemoFamily,DemoOrder,DemoClass,Arthropoda,consumer,48,freshwater,18.05676245397408,7.795877003365169,2023,demo,mortality,0.7708132085794442,mmol/L,-0.11305085192522912,171.351845787338,3.8316972371045055,79.91078656325364,5.638686194119494,3.082901039000328,0.07011315873321637,-0.3761041905595823,4.0,False,True
CHEM_00183,Demo chemical 183,10183-00-0,CC(C)N,algae_72h_ec50,uv_filter,Chlorella vulgaris,Chlorella,DemoFamily,DemoOrder,DemoClass,Chlorophyta,producer,72,freshwater,21.991877369644516,7.2581605535281835,2019,demo,growth,0.006204914055043521,mmol/L,-2.207264229584888,207.19302772986305,3.0162047876839413,70.82261676436082,0.31523107593865607,0.0,-0.8275842407346614,-1.2594130667061334,4.0,False,False
CHEM_00184,Demo chemical 184,10184-00-0,CCN,fish_96h_lc50,pharma,Danio rerio,Danio,DemoFamily,DemoOrder,DemoClass,Chordata,consumer,96,freshwater,20.032258830552006,7.315589487767665,2005,demo,mortality,0.10107847409175269,mmol/L,-0.9953413229307316,154.8895877121916,2.656694048214555,44.518282300359004,3.1335346867539577,1.2621971759615596,1.3225043315231224,0.5841690733522902,5.0,False,False
CHEM_00185,Demo chemical 185,10185-00-0,CCN,algae_72h_ec50,flame_retardant,Chlorella vulgaris,Chlorella,DemoFamily,DemoOrder,DemoClass,Chlorophyta,producer,72,freshwater,19.92835050666809,7.459880933022637,2013,demo,growth,0.18285976945924687,mmol/L,-0.7378818321052552,266.93710273364775,4.414579090350423,54.39862746238249,3.7713556639905046,1.0856840240075774,1.8165269961401054,0.8479587434636998,4.0,False,False
CHEM_00186,Demo chemical 186,10186-00-0,CCN,daphnia_48h_ec50,pharma,Ceriodaphnia dubia,Ceriodaphnia,DemoFamily,DemoOrder,DemoClass,Arthropoda,consumer,48,freshwater,22.181319872176264,8.384256350957296,2008,demo,mortality,0.01495917035927873,mmol/L,-1.8250924919246616,268.38401006442007,3.4972997065950113,76.30632144343267,3.7558322240572166,0.0,0.765955452726233,-0.548072933244823,3.0,False,False
CHEM_00187,Demo chemical 187,10187-00-0,c1ccccc1,algae_72h_ec50,pharma,Pseudokirchneriella subcapitata,Pseudokirchneriella,DemoFamily,DemoOrder,DemoClass,Chlorophyta,producer,72,freshwater,21.81051880298791,7.377149170765686,2002,demo,growth,0.09908232231825118,mmol/L,-1.0040038228554573,330.6934684763871,4.081344127098106,84.35450374902273,2.7970783768819882,2.365414112335179,0.9194236766469855,0.21620467632268803,3.0,False,False
CHEM_00188,Demo chemical 188,10188-00-0,C1CCCCC1,fish_96h_lc50,pharma,Danio rerio,Danio,DemoFamily,DemoOrder,DemoClass,Chordata,consumer,96,freshwater,23.564587585409424,7.414481255260018,2006,demo,mortality,0.0029324257100879257,mmol/L,-2.5327729814656488,203.07874792640285,3.5131794710988817,88.71988035535429,0.39904261653163875,2.514439108338035,-1.711473159730459,0.6823925098127926,2.0,False,False
CHEM_00189,Demo chemical 189,10189-00-0,CC(C)N,fish_96h_lc50,surfactant,Danio rerio,Danio,DemoFamily,DemoOrder,DemoClass,Chordata,consumer,96,freshwater,22.09128024041853,7.153862867159266,2005,demo,mortality,0.7784777320694218,mmol/L,-0.10875380567477771,206.6413279819046,4.877907709419186,70.84390571448512,0.7561497463395814,1.4915520983139796,0.24468192548734993,0.6312383280671477,4.0,False,False
CHEM_00190,Demo chemical 190,10190-00-0,CCO,daphnia_48h_ec50,pfas,Moina macrocopa,Moina,DemoFamily,DemoOrder,DemoClass,Arthropoda,consumer,48,freshwater,16.530047835909134,7.69991524171832,2009,demo,mortality,0.5243593248619712,mmol/L,-0.2803710043830312,224.35676973299618,4.44497924526263,59.08883746490918,0.6417791447525656,0.9134133293416214,-0.3118913122553999,-0.4336274851541877,3.0,False,True
CHEM_00191,Demo chemical 191,10191-00-0,CC(=O)O,daphnia_48h_ec50,flame_retardant,Daphnia magna,Daphnia,DemoFamily,DemoOrder,DemoClass,Arthropoda,consumer,48,freshwater,22.656313241791594,8.172953434136039,2003,demo,mortality,6.331609522517112,mmol/L,0.8015141235868468,82.06349259510048,4.507481708929102,88.7001235597787,6.2671374057512494,0.24676991821615912,1.490124342296572,0.2013448532149219,5.0,False,False
CHEM_00192,Demo chemical 192,10192-00-0,CCOC(=O)C,algae_72h_ec50,pfas,Chlorella vulgaris,Chlorella,DemoFamily,DemoOrder,DemoClass,Chlorophyta,producer,72,freshwater,20.76254278016195,7.173669340806227,2012,demo,growth,0.32309142239073746,mmol/L,-0.49067457171872136,287.54885276966195,6.227590191175267,72.79872331601582,2.072449625531223,2.0130436457354923,0.18291473012870507,1.3723423428665182,2.0,False,True
CHEM_00193,Demo chemical 193,10193-00-0,CCCOC,fish_96h_lc50,flame_retardant,Danio rerio,Danio,DemoFamily,DemoOrder,DemoClass,Chordata,consumer,96,freshwater,21.248368544939066,7.166694963385101,2017,demo,mortality,0.16541112045240997,mmol/L,-0.7814352965442284,277.18468595923446,4.052262367322076,79.88700936248637,8.317318021409669,1.3758599385639732,0.08271820186318887,0.7129974253450992,4.0,False,False
CHEM_00194,Demo chemical 194,10194-00-0,CCN,daphnia_48h_ec50,surfactant,Moina macrocopa,Moina,DemoFamily,DemoOrder,DemoClass,Arthropoda,consumer,48,freshwater,19.8243286427926,7.581882674408212,2011,demo,mortality,0.06566901921911451,mmol/L,-1.1826394699451959,349.03069503349843,3.844269341951126,21.724405303421477,6.357909157183297,0.2820056233162701,-0.5437828043527234,-0.9928468078339396,2.0,False,False
CHEM_00195,Demo chemical 195,10195-00-0,CC(=O)O,algae_72h_ec50,pharma,Raphidocelis subcapitata,Raphidocelis,DemoFamily,DemoOrder,DemoClass,Chlorophyta,producer,72,freshwater,19.984865406737697,7.872151143049157,2012,demo,growth,0.007898294179798872,mmol/L,-2.102466694569591,116.55723200887226,4.488465112452551,47.94043374865993,2.4575396675307224,2.3259008961859973,-0.3922260129202831,-0.6845560241798007,3.0,False,False
CHEM_00196,Demo chemical 196,10196-00-0,CC(C)N,daphnia_48h_ec50,uv_filter,Moina macrocopa,Moina,DemoFamily,DemoOrder,DemoClass,Arthropoda,consumer,48,freshwater,19.915132379841783,7.536062731067029,2018,demo,mortality,0.026936003131303263,mmol/L,-1.5696668461333458,266.9168121891134,2.837570325186108,56.89733737638813,2.0275197789668047,0.9554519578800046,1.4662028196256818,0.005322860451700487,2.0,False,False
CHEM_00197,Demo chemical 197,10197-00-0,CC(C)O,algae_72h_ec50,uv_filter,Pseudokirchneriella subcapitata,Pseudokirchneriella,DemoFamily,DemoOrder,DemoClass,Chlorophyta,producer,72,freshwater,19.82418702526157,7.112240568904552,1999,demo,growth,0.007104229587071422,mmol/L,-2.14848301192722,346.59400226489606,3.1049487219691905,55.720937122783766,2.086326574240707,2.1576469568248817,0.6642923020556356,-0.1564214791432986,3.0,False,False
CHEM_00198,Demo chemical 198,10198-00-0,c1ccccc1,fish_96h_lc50,pharma,Oncorhynchus mykiss,Oncorhynchus,DemoFamily,DemoOrder,DemoClass,Chordata,consumer,96,freshwater,18.346381789213854,7.491717454357507,2004,demo,mortality,0.05811584127675239,mmol/L,-1.2357054710288435,273.2964160905195,6.37121206762189,38.852265106734414,2.82816357909683,1.2145302247642529,0.16251407967364728,-0.9505362071857422,3.0,False,False
CHEM_00199,Demo chemical 199,10199-00-0,CCN,daphnia_48h_ec50,uv_filter,Daphnia magna,Daphnia,DemoFamily,DemoOrder,DemoClass,Arthropoda,consumer,48,freshwater,19.457247014136552,7.492039331637366,2005,demo,mortality,0.020589816914302436,mmol/L,-1.686347515133386,193.99327762832888,3.083140599681762,31.423691315474436,2.688513075135372,1.5528500526935018,-0.4225609827987464,1.4359781248017758,2.0,False,False
CHEM_00200,Demo chemical 200,10200-00-0,C1CCCCC1,daphnia_48h_ec50,surfactant,Daphnia magna,Daphnia,DemoFamily,DemoOrder,DemoClass,Arthropoda,consumer,48,freshwater,22.465727486618018,7.411361532000759,1997,demo,mortality,0.120616976712276,mmol/L,-0.9185915614033753,230.83062756522824,3.9385848140462056,91.3155906240651,5.991269612235665,0.44790756707844326,-1.7734145388096807,-1.4855391595222738,4.0,False,False
CHEM_00201,Demo chemical 201,10201-00-0,CCOC(=O)C,fish_96h_lc50,surfactant,Danio rerio,Danio,DemoFamily,DemoOrder,DemoClass,Chordata,consumer,96,freshwater,22.798272763392173,7.881739331636679,1995,demo,mortality,0.002874510605015909,mmol/L,-2.5414360847597375,352.94738101164023,1.2082845131044633,34.41006408172204,4.990545892137196,1.1165042514751078,-1.0320322451615775,0.3932297769848273,4.0,False,False
CHEM_00202,Demo chemical 202,10202-00-0,CCOC(=O)C,algae_72h_ec50,pharma,Raphidocelis subcapitata,Raphidocelis,DemoFamily,DemoOrder,DemoClass,Chlorophyta,producer,72,freshwater,14.276963259798654,7.620903287394184,2010,demo,growth,0.0685182556751822,mmol/L,-1.1641937017527286,161.0364596512639,4.502452392682677,83.72285004237662,3.773292004320386,0.9594975095544072,-0.17621305896197587,0.7065325128978275,2.0,False,False
CHEM_00203,Demo chemical 203,10203-00-0,CCO,algae_72h_ec50,pfas,Chlorella vulgaris,Chlorella,DemoFamily,DemoOrder,DemoClass,Chlorophyta,producer,72,freshwater,22.579859397236483,6.806155401225122,2014,demo,growth,0.10159332433656088,mmol/L,-0.993134828460027,255.40443872646597,3.6379206938972155,63.23838734570136,4.359293361560107,0.5316971984215653,1.0393690449185533,-0.37071038447310495,4.0,False,True
CHEM_00204,Demo chemical 204,10204-00-0,CCCOC,daphnia_48h_ec50,pfas,Moina macrocopa,Moina,DemoFamily,DemoOrder,DemoClass,Arthropoda,consumer,48,freshwater,19.948721879304653,7.338886823557504,2001,demo,mortality,0.026792062097015387,mmol/L,-1.5719938588856324,397.3004491541524,1.9826835665873437,36.607799950423455,2.111154243193817,0.8118794827084517,1.727418286628101,2.45824360573656,1.0,False,True
CHEM_00205,Demo chemical 205,10205-00-0,CCCOC,daphnia_48h_ec50,pharma,Ceriodaphnia dubia,Ceriodaphnia,DemoFamily,DemoOrder,DemoClass,Arthropoda,consumer,48,freshwater,19.66644853199603,7.7999062214632495,2012,demo,mortality,0.0686567145093026,mmol/L,-1.16331698309233,183.4781781866899,1.368358833384535,80.3902183532926,4.782992074696215,0.6850900229623645,1.1600928466435507,-1.6190718201181646,1.0,False,False
CHEM_00206,Demo chemical 206,10206-00-0,CC(C)O,daphnia_48h_ec50,surfactant,Daphnia magna,Daphnia,DemoFamily,DemoOrder,DemoClass,Arthropoda,consumer,48,freshwater,16.766081199670108,7.286592189726848,2015,demo,mortality,1.7480988439195635,mmol/L,0.24256598559539672,154.1929368772674,4.266511258011173,66.63083390267386,5.778254635054015,0.5663968771792232,0.8719754997190072,-0.6940433238576419,3.0,False,False
CHEM_00207,Demo chemical 207,10207-00-0,CCOC(=O)C,algae_72h_ec50,pharma,Raphidocelis subcapitata,Raphidocelis,DemoFamily,DemoOrder,DemoClass,Chlorophyta,producer,72,freshwater,25.26948150883,7.722364812519777,2008,demo,growth,0.009304092970054405,mmol/L,-2.031325958621409,311.59167850198116,4.661270464135368,71.53416723086804,3.072399117297131,1.372397419333024,-0.24432885517952907,-1.0108689178563175,2.0,False,False
CHEM_00208,Demo chemical 208,10208-00-0,CC(C)N,algae_72h_ec50,pharma,Pseudokirchneriella subcapitata,Pseudokirchneriella,DemoFamily,DemoOrder,DemoClass,Chlorophyta,producer,72,freshwater,18.846603022144997,7.3202066280921185,1997,demo,growth,0.016837004745674938,mmol/L,-1.7737351656941294,290.0868346097973,4.779173155691762,67.69537088409986,6.95918074730187,0.9131706938518747,0.010802084856015158,-0.7857962693827731,3.0,False,False
CHEM_00209,Demo chemical 209,10209-00-0,CCOC(=O)C,daphnia_48h_ec50,surfactant,Daphnia magna,Daphnia,DemoFamily,DemoOrder,DemoClass,Arthropoda,consumer,48,freshwater,21.93960897478349,7.849711071567626,2017,demo,mortality,0.6560597294241404,mmol/L,-0.18305661949866134,204.17191761322727,4.172395013878708,54.84957602180417,2.036180308098394,0.3155788376731393,0.5733624701729451,0.10870215281340967,3.0,False,False
CHEM_00210,Demo chemical 210,10210-00-0,c1ccccc1,algae_72h_ec50,surfactant,Chlorella vulgaris,Chlorella,DemoFamily,DemoOrder,DemoClass,Chlorophyta,producer,72,freshwater,20.01441412075274,7.285897773347768,1998,demo,growth,0.014451668470353472,mmol/L,-1.8400820099567397,272.26663516564037,1.8487480021122222,47.31338012948909,1.0750852302916947,1.6238956900182213,-0.4205083434368909,0.7528721671488805,3.0,False,False
CHEM_00211,Demo chemical 211,10211-00-0,C1CCCCC1,daphnia_48h_ec50,pharma,Ceriodaphnia dubia,Ceriodaphnia,DemoFamily,DemoOrder,DemoClass,Arthropoda,consumer,48,freshwater,16.6712872133396,8.497570802291197,1995,demo,mortality,0.012503924515311108,mmol/L,-1.9029536567645258,304.07830846455386,2.262557517872498,60.183464963642585,2.169548557693352,1.7845386354619408,-0.11626664531036575,0.9704979808637308,4.0,False,False
CHEM_00212,Demo chemical 212,10212-00-0,CCCOC,algae_72h_ec50,surfactant,Chlorella vulgaris,Chlorella,DemoFamily,DemoOrder,DemoClass,Chlorophyta,producer,72,freshwater,22.19212846611436,7.732158385943442,2007,demo,growth,0.21995524530184268,mmol/L,-0.657665676885645,241.39730045871488,4.165196005558869,64.61344604761251,5.4636267886417755,0.4683306621931226,0.07539954314606226,-1.045262781398474,5.0,False,False
CHEM_00213,Demo chemical 213,10213-00-0,c1ccccc1,fish_96h_lc50,surfactant,Oncorhynchus mykiss,Oncorhynchus,DemoFamily,DemoOrder,DemoClass,Chordata,consumer,96,freshwater,23.15075329887108,7.475593059588637,2015,demo,mortality,0.2613849733121968,mmol/L,-0.5827193830721407,328.07872402352416,3.3138436525611197,88.61838037648704,4.252330392861949,0.7283159795147451,1.3684693937651298,-0.8897903262971976,4.0,False,False
CHEM_00214,Demo chemical 214,10214-00-0,C1CCCCC1,fish_96h_lc50,flame_retardant,Pimephales promelas,Pimephales,DemoFamily,DemoOrder,DemoClass,Chordata,consumer,96,freshwater,20.129179313886443,7.72889696807491,2010,demo,mortality,2.309659459788141,mmol/L,0.363547951477742,187.32791568827037,7.171437474796188,38.278528347750424,0.3129051650825807,0.4579907634465866,0.5101387156134412,-1.073615729137567,5.0,False,False
CHEM_00215,Demo chemical 215,10215-00-0,CCN,fish_96h_lc50,pharma,Oncorhynchus mykiss,Oncorhynchus,DemoFamily,DemoOrder,DemoClass,Chordata,consumer,96,freshwater,21.504767465425356,7.956325115744552,2024,demo,mortality,0.03179417709168175,mmol/L,-1.4976524111007692,144.22432271300409,2.855367447183898,43.374283280978474,3.9961631999818916,1.2427735206533357,0.3964085022070677,0.5115137019191913,2.0,False,True
CHEM_00216,Demo chemical 216,10216-00-0,CCO,fish_96h_lc50,uv_filter,Oncorhynchus mykiss,Oncorhynchus,DemoFamily,DemoOrder,DemoClass,Chordata,consumer,96,freshwater,17.579202544434423,7.89153653649488,2010,demo,mortality,0.0019201517347555317,mmol/L,-2.7166644510030733,223.40459725281838,2.5189299220040415,68.4323365981966,4.1572353390635755,0.30975998434138385,-0.6631737506367649,0.8085477496020183,5.0,False,False
CHEM_00217,Demo chemical 217,10217-00-0,CCOC(=O)C,fish_96h_lc50,surfactant,Danio rerio,Danio,DemoFamily,DemoOrder,DemoClass,Chordata,consumer,96,freshwater,21.087754008224362,7.30600411029531,2000,demo,mortality,0.5853971115759778,mmol/L,-0.23254942476131288,207.03224083471096,3.0093210917494524,60.82360040698355,7.775847943058933,0.9991042224016878,1.1425892227901149,-2.235035497898666,5.0,False,False
CHEM_00218,Demo chemical 218,10218-00-0,CCO,algae_72h_ec50,pharma,Pseudokirchneriella subcapitata,Pseudokirchneriella,DemoFamily,DemoOrder,DemoClass,Chlorophyta,producer,72,freshwater,17.454095142520536,7.242217694046913,2009,demo,growth,0.004732870177812419,mmol/L,-2.324875408025763,376.07362308363116,5.697145146507879,39.60479629237073,2.6475066052727696,1.7188442241140929,-0.7219945397367117,0.8007191216696554,5.0,False,False
CHEM_00219,Demo chemical 219,10219-00-0,CCOC(=O)C,daphnia_48h_ec50,surfactant,Moina macrocopa,Moina,DemoFamily,DemoOrder,DemoClass,Arthropoda,consumer,48,freshwater,16.466076203739892,8.068650791232884,2014,demo,mortality,1.0962463998112295,mmol/L,0.03990818010756625,190.3106813645819,4.543610908033389,83.5636970563437,3.197490121360352,0.39942030538790996,1.056385586030883,1.642660293436234,2.0,False,False
CHEM_00220,Demo chemical 220,10220-00-0,CC(C)O,fish_96h_lc50,flame_retardant,Oncorhynchus mykiss,Oncorhynchus,DemoFamily,DemoOrder,DemoClass,Chordata,consumer,96,freshwater,22.33854021814034,7.032129599590233,2008,demo,mortality,0.06051486026365567,mmol/L,-1.2181379652146571,226.5277527148821,3.3414785446242496,64.54325596774932,5.509723784948086,0.764344996270711,0.4224674242372267,-2.516095195772766,3.0,False,False
CHEM_00221,Demo chemical 221,10221-00-0,CCOC(=O)C,daphnia_48h_ec50,surfactant,Daphnia magna,Daphnia,DemoFamily,DemoOrder,DemoClass,Arthropoda,consumer,48,freshwater,18.52745376692333,7.511330698033176,2004,demo,mortality,0.11062693695110924,mmol/L,-0.9561391122280017,259.10396522722374,3.7212400486107966,99.01886965373384,0.8001013318313102,2.127924973820022,-1.2690896148598123,-0.6816145525304338,4.0,False,False
CHEM_00222,Demo chemical 222,10222-00-0,CCCOC,algae_72h_ec50,pharma,Chlorella vulgaris,Chlorella,DemoFamily,DemoOrder,DemoClass,Chlorophyta,producer,72,freshwater,18.43148298216964,7.449982233656046,2002,demo,growth,0.007197874103528184,mmol/L,-2.1427957537682927,332.24428523193467,3.4360365572106146,59.38512335478941,2.7798022678857723,2.839731255691871,0.11912392936627762,-0.08973076991161853,3.0,False,False
CHEM_00223,Demo chemical 223,10223-00-0,c1ccccc1,fish_96h_lc50,flame_retardant,Oncorhynchus mykiss,Oncorhynchus,DemoFamily,DemoOrder,DemoClass,Chordata,consumer,96,freshwater,21.281458220405842,8.150960535785874,2018,demo,mortality,0.26282990224610353,mmol/L,-0.5803252264725353,144.29087426837845,2.9635128897585625,64.21069341578493,3.8819155653898894,2.9121781685214434,1.5860038309598667,-0.485396202914123,3.0,False,False
CHEM_00224,Demo chemical 224,10224-00-0,CCCOC,algae_72h_ec50,pharma,Chlorella vulgaris,Chlorella,DemoFamily,DemoOrder,DemoClass,Chlorophyta,producer,72,freshwater,16.90433433452018,7.393855956674298,2010,demo,growth,0.03363586466562755,mmol/L,-1.4731974035785027,436.4819737246456,4.483337087141477,53.31758533239383,3.074957232114349,0.0,0.687692185117782,1.060327204779694,4.0,False,False
CHEM_00225,Demo chemical 225,10225-00-0,CCOC(=O)C,fish_96h_lc50,pharma,Oncorhynchus mykiss,Oncorhynchus,DemoFamily,DemoOrder,DemoClass,Chordata,consumer,96,freshwater,22.114378540482733,7.651455729535214,1998,demo,mortality,0.010744987252318476,mmol/L,-1.9687940954122798,221.74050465379133,2.994616420811414,62.37328339447992,0.0,0.019686560424713395,0.9872473529834096,1.5012358638272103,3.0,False,False
CHEM_00226,Demo chemical 226,10226-00-0,CCN,algae_72h_ec50,pharma,Pseudokirchneriella subcapitata,Pseudokirchneriella,DemoFamily,DemoOrder,DemoClass,Chlorophyta,producer,72,freshwater,19.8003308390091,7.728743673054684,2001,demo,growth,0.0071920059870269155,mmol/L,-2.143149959743728,236.36722742120142,3.515884007362004,74.71466720560328,1.5409852052808044,1.2857029410170568,-0.8409491386704581,1.0915836193774722,1.0,False,False
CHEM_00227,Demo chemical 227,10227-00-0,CC(C)N,algae_72h_ec50,pfas,Raphidocelis subcapitata,Raphidocelis,DemoFamily,DemoOrder,DemoClass,Chlorophyta,producer,72,freshwater,20.401700594551862,7.350594401127661,2002,demo,growth,0.07257245987462455,mmol/L,-1.1392281560714137,183.21190777827985,3.413601689072254,85.19411705760811,4.970606566126281,1.4182750085992244,-0.11902850660012523,0.8889831804046482,4.0,False,True
CHEM_00228,Demo chemical 228,10228-00-0,CC(C)O,algae_72h_ec50,pharma,Chlorella vulgaris,Chlorella,DemoFamily,DemoOrder,DemoClass,Chlorophyta,producer,72,freshwater,19.050974132761922,7.231260904095517,2013,demo,growth,0.0021381988810512194,mmol/L,-2.6699519020617326,175.26087486816323,2.4157586641084734,58.48457047080351,3.3684210276899886,1.9427606802546649,-1.1383267269609427,0.19923804124923924,3.0,False,False
CHEM_00229,Demo chemical 229,10229-00-0,c1ccccc1,algae_72h_ec50,pharma,Pseudokirchneriella subcapitata,Pseudokirchneriella,DemoFamily,DemoOrder,DemoClass,Chlorophyta,producer,72,freshwater,20.41550119522825,6.871560902971753,2018,demo,growth,0.08041721824821114,mmol/L,-1.0946509538686047,250.33063061238929,3.807790374132248,68.70507914342127,5.541397564189527,2.014098848643124,2.0767113258590237,-0.8571764037774298,5.0,False,False
CHEM_00230,Demo chemical 230,10230-00-0,CC(=O)O,daphnia_48h_ec50,surfactant,Daphnia magna,Daphnia,DemoFamily,DemoOrder,DemoClass,Arthropoda,consumer,48,freshwater,19.058356684448928,7.795730410269961,2009,demo,mortality,1.0669468630828571,mmol/L,0.028142790891628244,149.29548322525307,4.757635493140703,50.67166987985131,1.6765332821313068,0.2757078298545341,0.22946036445842968,0.15407999214886864,1.0,False,False
CHEM_00231,Demo chemical 231,10231-00-0,CC(C)O,algae_72h_ec50,flame_retardant,Pseudokirchneriella subcapitata,Pseudokirchneriella,DemoFamily,DemoOrder,DemoClass,Chlorophyta,producer,72,freshwater,24.0264929095892,7.736528291540994,2015,demo,growth,0.013092538969570683,mmol/L,-1.8829761247593524,324.9901573535718,2.5590292478355092,96.524186938136,1.967966941183556,0.5822092163659945,-1.1337710254197284,0.7811812052237417,4.0,False,False
CHEM_00232,Demo chemical 232,10232-00-0,CCOC(=O)C,algae_72h_ec50,pharma,Chlorella vulgaris,Chlorella,DemoFamily,DemoOrder,DemoClass,Chlorophyta,producer,72,freshwater,22.430964832995386,8.14639296966482,2019,demo,growth,0.008706348333338772,mmol/L,-2.0601639610907987,253.5726624770773,4.410023639172879,62.635968540216396,5.5590588415429005,1.229832608829091,-0.8129740246401806,0.748813885982477,2.0,False,False
CHEM_00233,Demo chemical 233,10233-00-0,C1CCCCC1,fish_96h_lc50,pharma,Oncorhynchus mykiss,Oncorhynchus,DemoFamily,DemoOrder,DemoClass,Chordata,consumer,96,freshwater,21.113233331355108,7.48292676150901,2011,demo,mortality,0.061928322881214574,mmol/L,-1.2081106812256386,150.10059114338307,3.900258813963446,63.71026613169487,4.825782790444801,0.4190844778509123,0.6876524845090128,0.3697059256391301,1.0,False,False
CHEM_00234,Demo chemical 234,10234-00-0,CCO,daphnia_48h_ec50,pfas,Moina macrocopa,Moina,DemoFamily,DemoOrder,DemoClass,Arthropoda,consumer,48,freshwater,21.074867708454676,8.288878380777525,2024,demo,mortality,0.748220228848197,mmol/L,-0.12597055441315858,254.14656791942775,2.7516769884447685,49.4698660696777,3.6215086068632165,3.425409932088508,1.2657749251665555,-0.22752941536322038,5.0,False,True
CHEM_00235,Demo chemical 235,10235-00-0,CCCOC,fish_96h_lc50,pfas,Danio rerio,Danio,DemoFamily,DemoOrder,DemoClass,Chordata,consumer,96,freshwater,20.83699814910077,7.446389111676254,2003,demo,mortality,0.09138590441745002,mmol/L,-1.0391207857301092,316.84919423089957,3.363300328336299,95.53439694235242,2.7835205413254265,0.3788204734813089,0.23914928463346072,2.671763379756685,4.0,False,True
CHEM_00236,Demo chemical 236,10236-00-0,c1ccccc1,fish_96h_lc50,pharma,Pimephales promelas,Pimephales,DemoFamily,DemoOrder,DemoClass,Chordata,consumer,96,freshwater,20.68088088700309,7.149576214355768,2002,demo,mortality,0.026373436804868956,mmol/L,-1.5788332722492653,194.1422832213942,3.438118592628544,70.9333406523297,2.7607140339719765,0.2658328203997924,0.6766145517765254,-1.1883888545982695,5.0,False,False
CHEM_00237,Demo chemical 237,10237-00-0,CCCOC,daphnia_48h_ec50,pfas,Daphnia magna,Daphnia,DemoFamily,DemoOrder,DemoClass,Arthropoda,consumer,48,freshwater,20.760046598097226,7.105177938185245,2019,demo,mortality,0.434153293056992,mmol/L,-0.36235690050089814,253.1450452819437,4.432169238638176,24.774211907149102,1.0039204492179068,0.4303566670536294,0.8630875180453551,0.5649172812729122,3.0,False,True
CHEM_00238,Demo chemical 238,10238-00-0,CC(=O)O,fish_96h_lc50,pharma,Oncorhynchus mykiss,Oncorhynchus,DemoFamily,DemoOrder,DemoClass,Chordata,consumer,96,freshwater,20.17250767245001,7.0277622640986035,2020,demo,mortality,0.0012315051937225453,mmol/L,-2.909563752237151,171.51205060254284,2.632117176870993,52.853898794663685,3.768392980056468,1.8468422529134525,-1.4220517661401326,-1.30177973741351,1.0,False,True
CHEM_00239,Demo chemical 239,10239-00-0,CC(C)O,daphnia_48h_ec50,flame_retardant,Ceriodaphnia dubia,Ceriodaphnia,DemoFamily,DemoOrder,DemoClass,Arthropoda,consumer,48,freshwater,20.95938106119506,7.628179805538415,2016,demo,mortality,0.5410833813776392,mmol/L,-0.2667358046126461,204.10642473132648,4.896194977167768,53.87595842056904,6.041765642004949,0.5613235697079852,1.1044950252055679,0.041206066781619685,4.0,False,False
CHEM_00240,Demo chemical 240,10240-00-0,CC(C)N,fish_96h_lc50,surfactant,Pimephales promelas,Pimephales,DemoFamily,DemoOrder,DemoClass,Chordata,consumer,96,freshwater,22.003667939098815,8.070793906890588,2013,demo,mortality,16.22459633253964,mmol/L,1.2101739003733991,167.98566444446595,4.720372457885427,69.32657544340833,4.170742763205176,0.0,1.2082628254805003,-1.8441204511675249,1.0,False,False
CHEM_00241,Demo chemical 241,10241-00-0,CC(=O)O,fish_96h_lc50,uv_filter,Pimephales promelas,Pimephales,DemoFamily,DemoOrder,DemoClass,Chordata,consumer,96,freshwater,21.739522374329912,7.306107695380402,2004,demo,mortality,0.03710560769091815,mmol/L,-1.4305604514311772,244.98026528250597,4.238702345433546,30.944849064757058,5.091587519699905,1.8778620057622937,-0.4488776202803848,0.7412817669850216,1.0,False,False
CHEM_00242,Demo chemical 242,10242-00-0,CCO,daphnia_48h_ec50,flame_retardant,Daphnia magna,Daphnia,DemoFamily,DemoOrder,DemoClass,Arthropoda,consumer,48,freshwater,18.312380042950554,6.960053035081714,2004,demo,mortality,0.04115874153709123,mmol/L,-1.3855379126232195,339.0927765393039,2.476768262438216,65.19083531143077,5.744697359923537,1.1486676620151324,0.48512255886958094,1.1493768409578178,5.0,False,False
CHEM_00243,Demo chemical 243,10243-00-0,CC(=O)O,daphnia_48h_ec50,pharma,Daphnia magna,Daphnia,DemoFamily,DemoOrder,DemoClass,Arthropoda,consumer,48,freshwater,20.214897405394634,7.063127069165216,2023,demo,mortality,0.1966879109053338,mmol/L,-0.7062223324469554,220.37035122711143,3.9104041489052253,47.05081143040962,4.6610390571751905,2.289528381973992,1.6443017102336905,-0.49046216069371046,3.0,False,True
CHEM_00244,Demo chemical 244,10244-00-0,C1CCCCC1,daphnia_48h_ec50,pharma,Daphnia magna,Daphnia,DemoFamily,DemoOrder,DemoClass,Arthropoda,consumer,48,freshwater,19.24561425042186,6.7332736512939695,1999,demo,mortality,0.008513065694103863,mmol/L,-2.069914015206628,246.88566396121274,3.1243492568885536,43.6300479517923,1.736027119846078,1.7688747888961731,-0.32624368162382816,-2.109950646879972,2.0,False,False
CHEM_00245,Demo chemical 245,10245-00-0,CCCCO,daphnia_48h_ec50,surfactant,Moina macrocopa,Moina,DemoFamily,DemoOrder,DemoClass,Arthropoda,consumer,48,freshwater,22.146515663578313,7.337546541811606,2009,demo,mortality,0.07267152964318561,mmol/L,-1.1386356983645596,311.48830123970953,2.8313953675362806,86.09027394231103,1.9429915181174606,0.8262851095389487,-0.7405158205011196,0.27734417972021486,3.0,False,False
CHEM_00246,Demo chemical 246,10246-00-0,C1CCCCC1,daphnia_48h_ec50,uv_filter,Ceriodaphnia dubia,Ceriodaphnia,DemoFamily,DemoOrder,DemoClass,Arthropoda,consumer,48,freshwater,21.1005074860674,8.324719661092644,2005,demo,mortality,0.031123220580357415,mmol/L,-1.506915469268831,203.3604893068746,4.24444687271763,68.844441240732,5.878840843596362,1.7807919598526731,-0.4413823123659498,3.0885121948602836,3.0,False,False
CHEM_00247,Demo chemical 247,10247-00-0,CCCCO,algae_72h_ec50,surfactant,Chlorella vulgaris,Chlorella,DemoFamily,DemoOrder,DemoClass,Chlorophyta,producer,72,freshwater,22.17490924029693,7.845260295481656,2001,demo,growth,0.3363598899624963,mmol/L,-0.47319579826810426,169.28272179293975,2.9673180362974927,49.87661466615332,3.676557993917506,0.46400392249742206,0.6476139772195617,1.1352747316531886,1.0,False,False
CHEM_00248,Demo chemical 248,10248-00-0,CCCCO,algae_72h_ec50,pharma,Pseudokirchneriella subcapitata,Pseudokirchneriella,DemoFamily,DemoOrder,DemoClass,Chlorophyta,producer,72,freshwater,20.128273604756306,7.230459324727776,2010,demo,growth,0.042180633855946656,mmol/L,-1.3748868983264613,224.94768488733754,3.698618554420115,75.57659434242063,3.477471217917492,1.0151929493120866,0.2839060011754735,-0.034679250018589874,4.0,False,False
CHEM_00249,Demo chemical 249,10249-00-0,CCO,fish_96h_lc50,flame_retardant,Danio rerio,Danio,DemoFamily,DemoOrder,DemoClass,Chordata,consumer,96,freshwater,21.52822881100358,8.175021215794656,1999,demo,mortality,0.003164148479658449,mmol/L,-2.4997431451543415,227.49040064754394,3.2038114453860973,69.75982741609175,5.56425647818948,0.0,-1.0789571870486339,-0.23236723937677117,4.0,False,False
CHEM_00250,Demo chemical 250,10250-00-0,CCCOC,fish_96h_lc50,pharma,Pimephales promelas,Pimephales,DemoFamily,DemoOrder,DemoClass,Chordata,consumer,96,freshwater,19.309686265514205,6.418472927970663,2015,demo,mortality,0.005320288068921853,mmol/L,-2.274064852036506,293.1443642354299,2.3995412642470875,61.298861751014854,2.7570760648444517,0.5804680856231655,0.8256709533036595,-1.019584508167443,3.0,False,False
CHEM_00251,Demo chemical 251,10251-00-0,CCN,fish_96h_lc50,pharma,Pimephales promelas,Pimephales,DemoFamily,DemoOrder,DemoClass,Chordata,consumer,96,freshwater,20.60620376990066,7.549878911060539,2012,demo,mortality,0.001304366241718942,mmol/L,-2.884600449688912,267.2406375441405,2.386011043053167,69.7137791838103,3.4896716499570912,0.0,-1.2818512477286654,-1.4772079634610316,2.0,False,False
CHEM_00252,Demo chemical 252,10252-00-0,CCCOC,algae_72h_ec50,pharma,Chlorella vulgaris,Chlorella,DemoFamily,DemoOrder,DemoClass,Chlorophyta,producer,72,freshwater,20.64976943764917,8.251351652797252,2003,demo,growth,0.021071682223636267,mmol/L,-1.6763007918110062,201.34016422407063,4.250254316695359,54.41558161576633,2.662181319993161,0.9412170707276797,-0.27809629298790933,0.4261239468194264,4.0,False,False
CHEM_00253,Demo chemical 253,10253-00-0,CC(C)N,algae_72h_ec50,flame_retardant,Pseudokirchneriella subcapitata,Pseudokirchneriella,DemoFamily,DemoOrder,DemoClass,Chlorophyta,producer,72,freshwater,21.20218367482859,7.13844828416765,2013,demo,growth,0.0025400485062674256,mmol/L,-2.5951579897567805,209.13323527575875,2.211557104738639,25.46786637752443,3.4795427388737576,0.0,-0.7956788416705864,-0.4943399501826941,3.0,False,False
CHEM_00254,Demo chemical 254,10254-00-0,C1CCCCC1,fish_96h_lc50,surfactant,Danio rerio,Danio,DemoFamily,DemoOrder,DemoClass,Chordata,consumer,96,freshwater,20.986863976367392,7.4838630453863955,2022,demo,mortality,5.45220098045159,mmol/L,0.7365718565339346,192.9562334646949,4.762225832633024,29.686161569730565,0.0,0.0,0.7096618656378763,0.12940953689586895,3.0,False,True
CHEM_00255,Demo chemical 255,10255-00-0,CC(C)O,algae_72h_ec50,flame_retardant,Raphidocelis subcapitata,Raphidocelis,DemoFamily,DemoOrder,DemoClass,Chlorophyta,producer,72,freshwater,22.128624372494365,7.108623647983427,2017,demo,growth,0.2599381905357096,mmol/L,-0.5851299085696162,259.21050940062474,4.633299042248327,62.732045660254016,9.628894906532324,1.3002059825333887,1.2283943683343845,0.3808292528376731,4.0,False,False
CHEM_00256,Demo chemical 256,10256-00-0,CCCOC,daphnia_48h_ec50,uv_filter,Daphnia magna,Daphnia,DemoFamily,DemoOrder,DemoClass,Arthropoda,consumer,48,freshwater,21.05240403624779,7.239450283972979,2008,demo,mortality,0.0037509038087840786,mmol/L,-2.425864073105992,313.4005929338085,1.5739328251952918,88.0694076953501,4.200339275986948,0.7727207957113736,0.10715507283932346,1.9250128017358519,5.0,False,False
CHEM_00257,Demo chemical 257,10257-00-0,CCOC(=O)C,fish_96h_lc50,pfas,Danio rerio,Danio,DemoFamily,DemoOrder,DemoClass,Chordata,consumer,96,freshwater,19.92448993110294,6.867475687395602,2010,demo,mortality,0.23915095374762305,mmol/L,-0.6213278827974368,220.1245626920388,4.827207549803344,53.42160259333246,5.408380690246334,2.552693551345495,-0.4213372746456993,0.7212253727997919,1.0,False,True
CHEM_00258,Demo chemical 258,10258-00-0,C1CCCCC1,daphnia_48h_ec50,surfactant,Daphnia magna,Daphnia,DemoFamily,DemoOrder,DemoClass,Arthropoda,consumer,48,freshwater,17.369941788924493,6.94753442740369,2016,demo,mortality,0.04032573906492818,mmol/L,-1.3944176643883803,268.90594256225603,2.368208090756733,55.444689088373146,4.982905179879181,2.6511156285253348,0.10182061310329862,1.3624582440002129,2.0,False,False
CHEM_00259,Demo chemical 259,10259-00-0,C1CCCCC1,algae_72h_ec50,uv_filter,Chlorella vulgaris,Chlorella,DemoFamily,DemoOrder,DemoClass,Chlorophyta,producer,72,freshwater,15.724998807838825,7.4108711296971155,2011,demo,growth,0.03863951566887675,mmol/L,-1.4129683259328516,126.37600435769939,3.136158059947403,81.9104482299162,6.275913538800097,1.014715372457056,0.5504335109347853,-0.4989375499619459,5.0,False,False
CHEM_00260,Demo chemical 260,10260-00-0,CCCCO,algae_72h_ec50,uv_filter,Pseudokirchneriella subcapitata,Pseudokirchneriella,DemoFamily,DemoOrder,DemoClass,Chlorophyta,producer,72,freshwater,19.525480561805196,7.01505268277611,2011,demo,growth,0.023547644822125093,mmol/L,-1.6280525234354792,354.80317542935603,4.5492109141356645,81.62749587874293,2.0893769823603825,0.7743884144518323,0.26552864911647195,0.2414521596024293,1.0,False,False
CHEM_00261,Demo chemical 261,10261-00-0,CC(=O)O,algae_72h_ec50,pharma,Raphidocelis subcapitata,Raphidocelis,DemoFamily,DemoOrder,DemoClass,Chlorophyta,producer,72,freshwater,17.61903249062329,7.564609860861538,2017,demo,growth,0.010777829725258684,mmol/L,-1.967468681935457,336.34525251456967,3.222263842773451,71.89380422740368,7.29622432364776,0.855015172362639,-0.2435280417248615,0.44771503009506813,5.0,False,False
CHEM_00262,Demo chemical 262,10262-00-0,CCCOC,daphnia_48h_ec50,pfas,Moina macrocopa,Moina,DemoFamily,DemoOrder,DemoClass,Arthropoda,consumer,48,freshwater,20.892922042490376,7.475963100897947,2009,demo,mortality,0.017789302915021274,mmol/L,-1.7498410696839857,290.85663593708114,1.827397817558449,47.487517871972074,4.025157004703667,1.52545482137611,0.356756290308358,-0.7273677406591319,4.0,False,True
CHEM_00263,Demo chemical 263,10263-00-0,CCO,fish_96h_lc50,pharma,Oncorhynchus mykiss,Oncorhynchus,DemoFamily,DemoOrder,DemoClass,Chordata,consumer,96,freshwater,23.122373066352964,7.425296746078259,2002,demo,mortality,0.002214401625740889,mmol/L,-2.654743608378485,176.36353950005602,5.381847736476598,67.69446629170469,6.613999106808032,1.281544616654926,-1.3235883014013892,0.47125045784589364,5.0,False,False
CHEM_00264,Demo chemical 264,10264-00-0,CC(C)O,fish_96h_lc50,flame_retardant,Danio rerio,Danio,DemoFamily,DemoOrder,DemoClass,Chordata,consumer,96,freshwater,20.809090386172315,7.393441169922997,2007,demo,mortality,0.08423554815500356,mmol/L,-1.0745045936602444,223.2054370181114,4.53571094433309,43.71660036027774,2.7018804939174412,2.2843867062351717,0.3520029539376315,1.0489528663614422,3.0,False,False
CHEM_00265,Demo chemical 265,10265-00-0,CC(C)O,daphnia_48h_ec50,pfas,Ceriodaphnia dubia,Ceriodaphnia,DemoFamily,DemoOrder,DemoClass,Arthropoda,consumer,48,freshwater,20.81950243924658,7.732479524797701,2012,demo,mortality,0.49513669185950343,mmol/L,-0.3052748892983519,155.22522850701407,4.7405713296787715,25.918007487051888,2.3473136463421835,1.5741804870000506,0.9268559135765412,0.1133705380252234,2.0,False,True
CHEM_00266,Demo chemical 266,10266-00-0,c1ccccc1,fish_96h_lc50,pfas,Pimephales promelas,Pimephales,DemoFamily,DemoOrder,DemoClass,Chordata,consumer,96,freshwater,21.451415966637445,7.813981715475167,2023,demo,mortality,1.3272632003781535,mmol/L,0.12295705333727275,360.50232124471404,5.511913757894836,74.34696915217354,4.726526158495061,0.9420701289355651,0.4906069024558882,-0.6083674959040184,2.0,True,True
CHEM_00267,Demo chemical 267,10267-00-0,CCCOC,fish_96h_lc50,uv_filter,Pimephales promelas,Pimephales,DemoFamily,DemoOrder,DemoClass,Chordata,consumer,96,freshwater,20.618004712171402,8.312934809884135,2021,demo,mortality,0.1223051425385257,mmol/L,-0.9125552818913443,294.6060674259853,1.894947568048527,72.9003337863012,1.9527044766002182,1.162565546715124,2.054545094620777,-0.7996574222976441,2.0,False,True
CHEM_00268,Demo chemical 268,10268-00-0,CCO,algae_72h_ec50,uv_filter,Raphidocelis subcapitata,Raphidocelis,DemoFamily,DemoOrder,DemoClass,Chlorophyta,producer,72,freshwater,18.857728171280524,6.790022782168509,2021,demo,growth,0.623241214354821,mmol/L,-0.20534383490058597,357.7858593290847,5.661188720826484,68.96284289253413,6.792183138489487,1.7745964738970352,2.4927388666385184,2.417805536116446,2.0,False,True
CHEM_00269,Demo chemical 269,10269-00-0,CCCOC,algae_72h_ec50,flame_retardant,Chlorella vulgaris,Chlorella,DemoFamily,DemoOrder,DemoClass,Chlorophyta,producer,72,freshwater,18.469009397915503,7.26822396576732,2006,demo,growth,0.021803412459591557,mmol/L,-1.6614755294968104,314.4880173440109,1.5226674306746348,89.36163645330595,3.0731107727492075,0.0,0.7865167513318304,0.8617584942033671,3.0,False,False
CHEM_00270,Demo chemical 270,10270-00-0,CCOC(=O)C,algae_72h_ec50,pharma,Raphidocelis subcapitata,Raphidocelis,DemoFamily,DemoOrder,DemoClass,Chlorophyta,producer,72,freshwater,19.872258829751015,8.30884358034139,2019,demo,growth,0.00645385791598474,mmol/L,-2.1901805999768973,277.8562412755855,3.1813514304449164,66.56547924162061,4.09261992958828,0.25913756771960617,-0.8834251560876358,1.2269408764359389,2.0,False,False
CHEM_00271,Demo chemical 271,10271-00-0,CC(C)N,algae_72h_ec50,uv_filter,Raphidocelis subcapitata,Raphidocelis,DemoFamily,DemoOrder,DemoClass,Chlorophyta,producer,72,freshwater,20.474676207587695,6.961575468862005,2023,demo,growth,0.00886165872132512,mmol/L,-2.0524849794566613,197.77629649233643,3.347296029217655,56.571003370244135,0.88832117667013,2.3318208469986175,-1.2907465369156184,-0.09031901025512999,5.0,False,True
CHEM_00272,Demo chemical 272,10272-00-0,CCCOC,daphnia_48h_ec50,uv_filter,Moina macrocopa,Moina,DemoFamily,DemoOrder,DemoClass,Arthropoda,consumer,48,freshwater,20.51338899808617,7.841293065147631,2016,demo,mortality,0.4108305415872106,mmol/L,-0.3863372779526799,131.81537965461342,5.207714179413943,52.13894124827941,5.438186092176673,1.4986328530015767,0.05165171444731515,0.3479344771827106,5.0,False,False
CHEM_00273,Demo chemical 273,10273-00-0,CC(C)N,daphnia_48h_ec50,pharma,Daphnia magna,Daphnia,DemoFamily,DemoOrder,DemoClass,Arthropoda,consumer,48,freshwater,16.8360949651242,7.503820914502739,2016,demo,mortality,0.019133970119948423,mmol/L,-1.7181949085772046,250.34461138745277,3.5178630502491144,68.04881506687043,1.7988693339396966,0.0,-0.4294726458945011,0.13687332068938496,3.0,False,False
CHEM_00274,Demo chemical 274,10274-00-0,CCO,fish_96h_lc50,uv_filter,Oncorhynchus mykiss,Oncorhynchus,DemoFamily,DemoOrder,DemoClass,Chordata,consumer,96,freshwater,18.626124756668307,7.531869095707026,2007,demo,mortality,0.000501876218429384,mmol/L,-3.2994033830180594,295.37365656157556,1.1808931748712674,32.77966144185061,2.733491595452812,1.4492329236957158,-1.0472087600770361,0.13677411731669906,4.0,False,False
CHEM_00275,Demo chemical 275,10275-00-0,CCCCO,algae_72h_ec50,uv_filter,Chlorella vulgaris,Chlorella,DemoFamily,DemoOrder,DemoClass,Chlorophyta,producer,72,freshwater,16.12249474599295,6.971085441639926,2015,demo,growth,0.9840095275595324,mmol/L,-0.007000696541728468,152.98249607659278,4.012977250545006,112.529698180738,6.5655857122054275,0.36819513590017605,1.350170051262012,-0.6992520981640467,4.0,False,False
CHEM_00276,Demo chemical 276,10276-00-0,CC(C)O,daphnia_48h_ec50,uv_filter,Ceriodaphnia dubia,Ceriodaphnia,DemoFamily,DemoOrder,DemoClass,Arthropoda,consumer,48,freshwater,19.535748619009286,7.428571212842458,2013,demo,mortality,0.019845900079447032,mmol/L,-1.7023291995699863,151.85850123586908,3.4394311126622936,42.16941090655928,5.193891794617766,0.8863683134136479,-0.781191026147006,-0.27825376845717287,3.0,False,False
CHEM_00277,Demo chemical 277,10277-00-0,CCO,algae_72h_ec50,pfas,Pseudokirchneriella subcapitata,Pseudokirchneriella,DemoFamily,DemoOrder,DemoClass,Chlorophyta,producer,72,freshwater,20.561708697451046,7.518481310325981,2003,demo,growth,0.10272826435981448,mmol/L,-0.9883100494242866,256.4486220496417,2.5618517243200065,42.786339136709486,5.392823781645538,1.748087008818227,0.7691475019668077,0.9112280051906476,1.0,False,True
CHEM_00278,Demo chemical 278,10278-00-0,CCOC(=O)C,algae_72h_ec50,surfactant,Pseudokirchneriella subcapitata,Pseudokirchneriella,DemoFamily,DemoOrder,DemoClass,Chlorophyta,producer,72,freshwater,25.69058878981528,7.350081970083966,2024,demo,growth,0.2904375635240149,mmol/L,-0.5369472151888881,268.27685453858567,4.258851431078958,65.64175781669759,4.141989430849896,0.64303578852219,-0.7357519902503197,-0.48801990156193453,3.0,False,True
CHEM_00279,Demo chemical 279,10279-00-0,CC(C)N,algae_72h_ec50,surfactant,Pseudokirchneriella subcapitata,Pseudokirchneriella,DemoFamily,DemoOrder,DemoClass,Chlorophyta,producer,72,freshwater,16.666484134019527,7.8599998657718935,2003,demo,growth,3.2099818464398404,mmol/L,0.5065025763259632,123.0005741014959,2.5908659305493034,25.832002140933042,2.546150082139686,2.0394775444428324,0.6318046992119288,-0.2820290477899447,3.0,False,False
CHEM_00280,Demo chemical 280,10280-00-0,CC(C)O,algae_72h_ec50,pfas,Raphidocelis subcapitata,Raphidocelis,DemoFamily,DemoOrder,DemoClass,Chlorophyta,producer,72,freshwater,20.79406320458796,6.785309362462036,1997,demo,growth,0.00885360234639026,mmol/L,-2.0528799879644315,310.62214087489497,3.2270952430932125,50.06550594412589,3.111757091268969,1.6075081670645948,-0.14481791265520053,0.3030482829327168,5.0,False,True
CHEM_00281,Demo chemical 281,10281-00-0,CCO,daphnia_48h_ec50,pfas,Ceriodaphnia dubia,Ceriodaphnia,DemoFamily,DemoOrder,DemoClass,Arthropoda,consumer,48,freshwater,20.84072425168525,7.718435692332571,2013,demo,mortality,0.10130796674063543,mmol/L,-0.9943564008840291,323.9759357415834,4.03536920509721,78.55091554627086,6.180943982277131,0.25094297996376513,0.7504235544035768,-0.9064310592771633,3.0,False,True
CHEM_00282,Demo chemical 282,10282-00-0,c1ccccc1,fish_96h_lc50,pharma,Pimephales promelas,Pimephales,DemoFamily,DemoOrder,DemoClass,Chordata,consumer,96,freshwater,17.568687263056077,7.368243385034923,2020,demo,mortality,1.3907009693709582,mmol/L,0.14323375737288774,99.13907115430976,3.950129796505029,22.951541700220908,4.085245046157412,2.4249815420652547,1.3516813728601071,-0.49286894782440155,5.0,False,True
CHEM_00283,Demo chemical 283,10283-00-0,CCCCO,daphnia_48h_ec50,flame_retardant,Ceriodaphnia dubia,Ceriodaphnia,DemoFamily,DemoOrder,DemoClass,Arthropoda,consumer,48,freshwater,19.900189217826576,7.37235770377881,2022,demo,mortality,0.0008729801963663228,mmol/L,-3.0589956081917724,307.7761367173166,1.7274284418650871,56.57534511815348,2.5025007520381646,0.8234751414069738,-1.6595968383264046,0.30111316710069364,5.0,False,True
CHEM_00284,Demo chemical 284,10284-00-0,CCN,algae_72h_ec50,flame_retardant,Raphidocelis subcapitata,Raphidocelis,DemoFamily,DemoOrder,DemoClass,Chlorophyta,producer,72,freshwater,18.946293608025645,7.4017994041058,2011,demo,growth,0.0731299481527766,mmol/L,-1.1359047344790891,183.45910605897524,3.6909154906268067,58.02273768075428,6.297484699645485,0.41439365367542846,0.26754028612655384,-0.06280672314395548,3.0,False,False
CHEM_00285,Demo chemical 285,10285-00-0,CCOC(=O)C,daphnia_48h_ec50,uv_filter,Daphnia magna,Daphnia,DemoFamily,DemoOrder,DemoClass,Arthropoda,consumer,48,freshwater,21.708479721153665,7.592403990902206,2010,demo,mortality,0.02342054001398137,mmol/L,-1.6304030954981354,326.7045324808769,4.978375283918027,58.724914700187036,4.470579418339739,0.09982119169613202,-0.2107189790767625,-0.9674900773752345,3.0,False,False
CHEM_00286,Demo chemical 286,10286-00-0,CCCCO,fish_96h_lc50,uv_filter,Pimephales promelas,Pimephales,DemoFamily,DemoOrder,DemoClass,Chordata,consumer,96,freshwater,19.66082725500542,6.946904731880549,2017,demo,mortality,0.05827934938273905,mmol/L,-1.2344853052387577,188.0182403537312,5.217318998707157,65.63617097367104,3.824145181160205,1.2368264616340938,-0.1380470752815336,1.8504632338437539,1.0,False,False
CHEM_00287,Demo chemical 287,10287-00-0,CC(=O)O,fish_96h_lc50,pfas,Oncorhynchus mykiss,Oncorhynchus,DemoFamily,DemoOrder,DemoClass,Chordata,consumer,96,freshwater,19.303261273531856,7.536610575695544,2014,demo,mortality,0.007191350115066502,mmol/L,-2.1431895668523078,469.16033064866446,4.539639481982047,43.78222112382822,0.2556889951332084,0.08067256756909125,0.5911065144305567,0.010335563182354726,4.0,False,True
CHEM_00288,Demo chemical 288,10288-00-0,CCO,algae_72h_ec50,surfactant,Pseudokirchneriella subcapitata,Pseudokirchneriella,DemoFamily,DemoOrder,DemoClass,Chlorophyta,producer,72,freshwater,20.83474160606366,8.165693300599056,1998,demo,growth,0.022677948297705454,mmol/L,-1.6443962391658462,152.8265338153151,4.356936498263961,36.3248180587961,4.630086072232341,1.4502863361459128,-1.7157582843783166,0.01753690167305848,1.0,False,False
CHEM_00289,Demo chemical 289,10289-00-0,C1CCCCC1,algae_72h_ec50,pharma,Raphidocelis subcapitata,Raphidocelis,DemoFamily,DemoOrder,DemoClass,Chlorophyta,producer,72,freshwater,19.022634862074074,8.062646213460258,2005,demo,growth,0.013616627210480525,mmol/L,-1.8659304522817357,147.70320257785028,3.982098703183696,37.53644035824077,4.64743779115813,1.9886263143953133,0.3195540067233614,-0.7556467164251925,1.0,False,False
CHEM_00290,Demo chemical 290,10290-00-0,C1CCCCC1,daphnia_48h_ec50,surfactant,Daphnia magna,Daphnia,DemoFamily,DemoOrder,DemoClass,Arthropoda,consumer,48,freshwater,17.887307072993085,7.750997558668738,1996,demo,mortality,0.007515344998483019,mmol/L,-2.124051077951547,216.91158058044655,3.185474932706445,45.48283558625722,0.8030029359734341,0.0,-1.4135173236526528,1.790898571232915,5.0,False,False
CHEM_00291,Demo chemical 291,10291-00-0,CC(C)N,algae_72h_ec50,surfactant,Raphidocelis subcapitata,Raphidocelis,DemoFamily,DemoOrder,DemoClass,Chlorophyta,producer,72,freshwater,17.90431956226036,7.083759658063398,1997,demo,growth,0.030596223419182625,mmol/L,-1.5143321764409499,303.0020903825024,1.6732229232703284,55.3788064020102,1.0066790465542392,2.0820751278052363,-1.6182272695183921,2.422447901083496,2.0,False,False
CHEM_00292,Demo chemical 292,10292-00-0,CC(C)O,fish_96h_lc50,pharma,Pimephales promelas,Pimephales,DemoFamily,DemoOrder,DemoClass,Chordata,consumer,96,freshwater,20.6461665158758,7.3735500512126055,2002,demo,mortality,0.07737807482582366,mmol/L,-1.1113820797701426,71.0459601019183,3.2070695377734784,53.672691536771126,1.7967563408514762,1.5326664782453727,0.2213752539762284,0.012513759421530454,5.0,False,False
CHEM_00293,Demo chemical 293,10293-00-0,c1ccccc1,daphnia_48h_ec50,pharma,Daphnia magna,Daphnia,DemoFamily,DemoOrder,DemoClass,Arthropoda,consumer,48,freshwater,20.792973634821838,7.583459832749347,2016,demo,mortality,0.08732152593436271,mmol/L,-1.0588786836467843,135.26222340339174,2.593351137511366,38.87469183418664,6.39945956068834,1.3757818717880388,0.7552517759761007,0.0681009634377188,5.0,False,False
CHEM_00294,Demo chemical 294,10294-00-0,CCCCO,fish_96h_lc50,flame_retardant,Pimephales promelas,Pimephales,DemoFamily,DemoOrder,DemoClass,Chordata,consumer,96,freshwater,16.05996993605685,7.477818650076834,2019,demo,mortality,0.07904635321062708,mmol/L,-1.1021181613678819,225.65275160656626,2.4946120894668207,74.06050918090823,3.9198101757911274,0.4184045020741224,-0.05058740143343007,2.383861037981873,3.0,False,False
CHEM_00295,Demo chemical 295,10295-00-0,CCOC(=O)C,fish_96h_lc50,pharma,Pimephales promelas,Pimephales,DemoFamily,DemoOrder,DemoClass,Chordata,consumer,96,freshwater,22.619051273028802,8.036101760380731,2002,demo,mortality,0.0019871340113098517,mmol/L,-2.70177284330295,329.05842030001077,1.0966235137690048,44.802641493101696,5.033980944322284,0.6359061327690662,0.9832399694454041,-0.23947106511632352,3.0,False,False
CHEM_00296,Demo chemical 296,10296-00-0,CCN,daphnia_48h_ec50,uv_filter,Moina macrocopa,Moina,DemoFamily,DemoOrder,DemoClass,Arthropoda,consumer,48,freshwater,23.401585516856635,7.232664652658119,2001,demo,mortality,0.02827744872304633,mmol/L,-1.5485597764693775,166.44668093532542,2.758334711857751,39.3055801863051,4.592201179246541,1.2501700634198414,0.21940266975390574,-0.2538375611255331,4.0,False,False
CHEM_00297,Demo chemical 297,10297-00-0,CCN,daphnia_48h_ec50,pharma,Daphnia magna,Daphnia,DemoFamily,DemoOrder,DemoClass,Arthropoda,consumer,48,freshwater,20.879847933375327,7.978651147594804,1995,demo,mortality,0.0033477551169329802,mmol/L,-2.4752463174811496,229.54882359617636,3.070963869734558,32.644922024058815,2.1838751353417,1.2267531485957097,-0.8059177786176916,-1.0341111395297102,2.0,False,False
CHEM_00298,Demo chemical 298,10298-00-0,CC(C)N,fish_96h_lc50,flame_retardant,Pimephales promelas,Pimephales,DemoFamily,DemoOrder,DemoClass,Chordata,consumer,96,freshwater,20.5064090205907,7.858087360890472,2017,demo,mortality,0.003138321942474452,mmol/L,-2.503302506680139,298.1516518885153,2.685454191389386,80.23320827413293,4.546642513073748,2.791065333131539,-0.6496037095948308,1.4297874524704182,3.0,False,False
CHEM_00299,Demo chemical 299,10299-00-0,CCO,algae_72h_ec50,pfas,Chlorella vulgaris,Chlorella,DemoFamily,DemoOrder,DemoClass,Chlorophyta,producer,72,freshwater,20.34191070437501,7.454783851651446,2014,demo,growth,0.7330066783395737,mmol/L,-0.1348920685337525,182.95846556594518,4.899545967838984,67.23201043687168,7.017439246645157,1.7740403327929082,0.2564589108585328,-0.3209798403837223,4.0,False,True
CHEM_00300,Demo chemical 300,10300-00-0,CC(=O)O,daphnia_48h_ec50,flame_retardant,Ceriodaphnia dubia,Ceriodaphnia,DemoFamily,DemoOrder,DemoClass,Arthropoda,consumer,48,freshwater,21.26942128418001,7.432428337470105,2023,demo,mortality,0.0026268430379410824,mmol/L,-2.5805658768875626,278.9450355683986,1.8720801788730632,29.150307843968797,4.392789210020377,0.020557271966190616,-0.9647384430113423,-0.46164220292094515,1.0,False,True
CHEM_00301,Demo chemical 301,10301-00-0,CCN,daphnia_48h_ec50,surfactant,Ceriodaphnia dubia,Ceriodaphnia,DemoFamily,DemoOrder,DemoClass,Arthropoda,consumer,48,freshwater,19.6976632386189,7.487458119729399,2018,demo,mortality,0.21547670783327613,mmol/L,-0.6665996684554126,262.9329909103643,6.138617424178799,59.64804141488724,1.1131064061263207,0.22989561993123897,-0.6931869461424454,-0.14933523707149754,3.0,False,False
CHEM_00302,Demo chemical 302,10302-00-0,c1ccccc1,daphnia_48h_ec50,surfactant,Ceriodaphnia dubia,Ceriodaphnia,DemoFamily,DemoOrder,DemoClass,Arthropoda,consumer,48,freshwater,21.144191447196963,7.650292119044943,2007,demo,mortality,0.21216313110787624,mmol/L,-0.6733300839010812,235.83891311388504,3.5732178264970464,77.7882691304905,5.731634006359639,1.5707683699555903,0.3991032052982532,0.5887356228811461,1.0,False,False
CHEM_00303,Demo chemical 303,10303-00-0,CC(=O)O,fish_96h_lc50,uv_filter,Oncorhynchus mykiss,Oncorhynchus,DemoFamily,DemoOrder,DemoClass,Chordata,consumer,96,freshwater,19.81200245154243,6.613887953758612,1997,demo,mortality,0.007872557960452279,mmol/L,-2.103884133255797,197.83403444777645,2.7459106655637613,63.62862795900724,3.5608120214824805,0.874145733721227,0.41527969026545347,-0.16029294282301915,2.0,False,False
CHEM_00304,Demo chemical 304,10304-00-0,CC(C)N,daphnia_48h_ec50,uv_filter,Ceriodaphnia dubia,Ceriodaphnia,DemoFamily,DemoOrder,DemoClass,Arthropoda,consumer,48,freshwater,21.721235044673925,7.531142689706922,2016,demo,mortality,0.006168917524916386,mmol/L,-2.209791035999033,184.030194303631,0.3653650420167991,50.381666676517185,3.2587738929202756,1.820951734485491,-0.5099771763342562,-0.01975785983585163,5.0,False,False
CHEM_00305,Demo chemical 305,10305-00-0,c1ccccc1,algae_72h_ec50,surfactant,Chlorella vulgaris,Chlorella,DemoFamily,DemoOrder,DemoClass,Chlorophyta,producer,72,freshwater,16.470767895231464,7.720138040561955,2022,demo,growth,0.12202626273329964,mmol/L,-0.913546689549198,310.3714893738087,6.231846427451707,61.23220692378952,5.635423212525825,1.3490235625862912,-0.7653555151203043,-0.21966167193855743,1.0,False,True
CHEM_00306,Demo chemical 306,10306-00-0,CCCCO,algae_72h_ec50,uv_filter,Pseudokirchneriella subcapitata,Pseudokirchneriella,DemoFamily,DemoOrder,DemoClass,Chlorophyta,producer,72,freshwater,22.937527489309165,7.511933514850655,1997,demo,growth,0.017154555454847058,mmol/L,-1.7656205318198972,187.75009265115267,5.720494786850031,52.966412407789676,5.117542069475517,1.4468121452860503,-2.4186142826957147,-0.6427835696407243,4.0,False,False
CHEM_00307,Demo chemical 307,10307-00-0,CC(=O)O,fish_96h_lc50,flame_retardant,Oncorhynchus mykiss,Oncorhynchus,DemoFamily,DemoOrder,DemoClass,Chordata,consumer,96,freshwater,18.000030438379206,7.642685055614381,2005,demo,mortality,0.0030850588894231006,mmol/L,-2.5107365414824754,340.1554514569839,4.669589228840243,45.87248995768415,5.493693621268589,0.9294036397655199,-0.7335763435010406,1.0100636968649277,1.0,False,False
CHEM_00308,Demo chemical 308,10308-00-0,C1CCCCC1,daphnia_48h_ec50,pharma,Daphnia magna,Daphnia,DemoFamily,DemoOrder,DemoClass,Arthropoda,consumer,48,freshwater,18.78179371235336,8.053148895616294,2023,demo,mortality,0.057115954500541334,mmol/L,-1.2432425610412583,171.8203015094515,4.7206128171442465,44.66959106042259,4.403315085268961,0.19267972690652646,-0.07131606712593476,0.30532828734869183,3.0,False,True
CHEM_00309,Demo chemical 309,10309-00-0,C1CCCCC1,daphnia_48h_ec50,uv_filter,Ceriodaphnia dubia,Ceriodaphnia,DemoFamily,DemoOrder,DemoClass,Arthropoda,consumer,48,freshwater,19.767601431280493,6.806679582140768,2011,demo,mortality,0.0020533843035533306,mmol/L,-2.6875297621280225,272.80990730738176,3.0432501835203625,88.40055835574208,3.2081640711788046,2.1636144327672295,-1.8410361672928455,0.37606959632077114,4.0,False,False
CHEM_00310,Demo chemical 310,10310-00-0,CCO,fish_96h_lc50,pharma,Pimephales promelas,Pimephales,DemoFamily,DemoOrder,DemoClass,Chordata,consumer,96,freshwater,17.344134972013116,7.7133008084855055,2015,demo,mortality,0.017578321892678515,mmol/L,-1.7550225870287774,205.22397830801492,3.9334374608647953,86.76392265877305,1.3090578041342114,0.8195463831451166,0.45601218210912847,0.304150446186177,3.0,False,False
CHEM_00311,Demo chemical 311,10311-00-0,CC(C)N,algae_72h_ec50,flame_retardant,Raphidocelis subcapitata,Raphidocelis,DemoFamily,DemoOrder,DemoClass,Chlorophyta,producer,72,freshwater,18.978245823341705,7.663974233992227,2010,demo,growth,0.03473714208463588,mmol/L,-1.459205914959974,290.2920230019243,4.773822524496508,72.14106869541104,4.6732474132546855,0.0,0.07365659499219453,-0.785677028267503,5.0,False,False
CHEM_00312,Demo chemical 312,10312-00-0,CCCCO,daphnia_48h_ec50,pharma,Moina macrocopa,Moina,DemoFamily,DemoOrder,DemoClass,Arthropoda,consumer,48,freshwater,18.544852636357213,8.348669994026377,1996,demo,mortality,0.18315558391610112,mmol/L,-0.7371798363388687,136.6392869517611,6.326985417917781,59.42116535370471,6.006411739235501,1.6575497608869414,0.3995247560451345,0.5762891917182107,1.0,False,False
CHEM_00313,Demo chemical 313,10313-00-0,CCCCO,fish_96h_lc50,surfactant,Pimephales promelas,Pimephales,DemoFamily,DemoOrder,DemoClass,Chordata,consumer,96,freshwater,21.08121900589415,8.348032308420315,2019,demo,mortality,0.015261212819484487,mmol/L,-1.8164109513169402,272.6629438520517,1.5327321134425174,19.182822987049605,6.779120517160123,0.794145691787462,0.3182912026531147,0.00884530669694572,3.0,False,False
CHEM_00314,Demo chemical 314,10314-00-0,CC(C)N,daphnia_48h_ec50,pfas,Ceriodaphnia dubia,Ceriodaphnia,DemoFamily,DemoOrder,DemoClass,Arthropoda,consumer,48,freshwater,22.759664659508775,7.983808280977154,2021,demo,mortality,0.15229669008589236,mmol/L,-0.817309535226354,222.5171424939441,3.5410132588694894,66.01229613529073,4.954821146872177,2.3752872560183427,-0.13307644201126692,-0.386445762226417,3.0,False,True
CHEM_00315,Demo chemical 315,10315-00-0,CC(=O)O,algae_72h_ec50,surfactant,Pseudokirchneriella subcapitata,Pseudokirchneriella,DemoFamily,DemoOrder,DemoClass,Chlorophyta,producer,72,freshwater,21.80983703738777,7.964985201872798,2013,demo,growth,1.7426575461690075,mmol/L,0.24121205124000866,154.60144585740179,2.67278569733919,68.37595656401095,5.409295664441295,0.23120292646054397,0.3972340529789919,1.407758805254198,5.0,False,False
CHEM_00316,Demo chemical 316,10316-00-0,CCCCO,fish_96h_lc50,pharma,Danio rerio,Danio,DemoFamily,DemoOrder,DemoClass,Chordata,consumer,96,freshwater,17.902816710344815,7.199185498539083,2012,demo,mortality,0.005579259134481184,mmol/L,-2.253423466863215,266.34781497671634,3.7713296120532456,58.425284155212445,4.444264485098904,0.9784353308518341,0.031134852944977556,0.21534379328874922,3.0,False,False
CHEM_00317,Demo chemical 317,10317-00-0,C1CCCCC1,algae_72h_ec50,pharma,Raphidocelis subcapitata,Raphidocelis,DemoFamily,DemoOrder,DemoClass,Chlorophyta,producer,72,freshwater,16.52515614187578,7.947029678773262,1997,demo,growth,0.0007138115306496557,mmol/L,-3.1464164408899244,228.58313383620205,2.979887618262189,69.64772474664905,7.0222731327182695,0.7044357297410013,-1.8365102023750728,0.29181276742631007,2.0,False,False
CHEM_00318,Demo chemical 318,10318-00-0,CCN,algae_72h_ec50,flame_retardant,Raphidocelis subcapitata,Raphidocelis,DemoFamily,DemoOrder,DemoClass,Chlorophyta,producer,72,freshwater,22.3159381051311,7.426354827153134,2008,demo,growth,0.05289769386376134,mmol/L,-1.2765632611231195,177.90408735524693,4.541330624631418,46.57702409738657,1.4575016801751937,0.13383454217054735,-0.7993364643249737,0.3945994213705404,3.0,False,False
CHEM_00319,Demo chemical 319,10319-00-0,CCN,algae_72h_ec50,pharma,Raphidocelis subcapitata,Raphidocelis,DemoFamily,DemoOrder,DemoClass,Chlorophyta,producer,72,freshwater,21.59571840055854,7.314502024880985,2021,demo,growth,0.009689577852634417,mmol/L,-2.013695143513227,311.29471734802274,3.2126016372959043,52.434295652715875,3.1793185370967745,2.3538521248942503,-0.9584591056952636,-0.7141310922000513,5.0,False,True
CHEM_00320,Demo chemical 320,10320-00-0,CCOC(=O)C,daphnia_48h_ec50,flame_retardant,Daphnia magna,Daphnia,DemoFamily,DemoOrder,DemoClass,Arthropoda,consumer,48,freshwater,20.902174567407645,7.395431517130785,2011,demo,mortality,0.11168319628373707,mmol/L,-0.9520121653823946,283.10779086497905,2.9697730612485564,28.522821389282292,2.6810046076534606,2.342055559900329,1.2813338564645194,-0.18819185705108066,3.0,False,False
CHEM_00321,Demo chemical 321,10321-00-0,CC(C)O,fish_96h_lc50,surfactant,Danio rerio,Danio,DemoFamily,DemoOrder,DemoClass,Chordata,consumer,96,freshwater,15.2438920744984,7.630519577372624,2012,demo,mortality,1.5499190740714037,mmol/L,0.19030902294335783,202.42181249808027,3.5122960208202776,60.00540208176359,4.075759988979198,1.0347600194811661,0.2596113479032144,0.2459473093961707,1.0,False,False
CHEM_00322,Demo chemical 322,10322-00-0,c1ccccc1,fish_96h_lc50,surfactant,Oncorhynchus mykiss,Oncorhynchus,DemoFamily,DemoOrder,DemoClass,Chordata,consumer,96,freshwater,17.008679498249265,7.546587366020569,2002,demo,mortality,0.010954701569525386,mmol/L,-1.960399449091293,299.0435367816629,2.8495030433665987,41.046273287216486,2.1335488986213296,0.6460216457199912,-0.7158574437812334,1.0450646657711238,5.0,False,False
CHEM_00323,Demo chemical 323,10323-00-0,CC(=O)O,algae_72h_ec50,uv_filter,Pseudokirchneriella subcapitata,Pseudokirchneriella,DemoFamily,DemoOrder,DemoClass,Chlorophyta,producer,72,freshwater,20.303179689639045,7.311631435742056,2006,demo,growth,0.015342454454089922,mmol/L,-1.8141051572972018,396.95161358632106,2.06974242686975,90.5712162858773,4.058079143010584,0.8001021927315521,1.0215438659814862,-2.0386105065724083,2.0,False,False
CHEM_00324,Demo chemical 324,10324-00-0,CCCCO,algae_72h_ec50,pfas,Chlorella vulgaris,Chlorella,DemoFamily,DemoOrder,DemoClass,Chlorophyta,producer,72,freshwater,21.038205995913643,7.420147270128947,1998,demo,growth,0.007585090363590687,mmol/L,-2.1200392409583273,211.21596803982104,2.8276073206042787,67.16919152733536,1.7041942496199822,1.0711484327114282,-2.2551755584740434,-1.4645323683135887,2.0,False,True
CHEM_00325,Demo chemical 325,10325-00-0,C1CCCCC1,fish_96h_lc50,uv_filter,Danio rerio,Danio,DemoFamily,DemoOrder,DemoClass,Chordata,consumer,96,freshwater,18.807256664726445,6.62543742399314,2007,demo,mortality,0.05573371721469632,mmol/L,-1.253881990283229,220.99112396504663,2.9625603058682475,99.09385030822492,5.937481063847116,1.3586477646051034,0.3524624971887139,-0.17916599321341334,1.0,False,False
CHEM_00326,Demo chemical 326,10326-00-0,c1ccccc1,fish_96h_lc50,pharma,Pimephales promelas,Pimephales,DemoFamily,DemoOrder,DemoClass,Chordata,consumer,96,freshwater,16.972476746720048,7.447061730657006,2021,demo,mortality,0.01534870792665176,mmol/L,-1.8139281780984193,125.62319415361175,2.7921424021354335,37.27394274214939,3.0551195758551506,0.0,0.8756555318533007,1.9447622376504894,4.0,False,True
CHEM_00327,Demo chemical 327,10327-00-0,CC(C)N,fish_96h_lc50,flame_retardant,Oncorhynchus mykiss,Oncorhynchus,DemoFamily,DemoOrder,DemoClass,Chordata,consumer,96,freshwater,20.364778429447753,8.01237768351217,1998,demo,mortality,0.0039002558408528986,mmol/L,-2.4089069040949393,307.7819317742402,3.043480686821586,54.33313652585001,1.8491604867623632,0.2614679007774455,0.6110019598252598,-1.1619002215998122,1.0,False,False
CHEM_00328,Demo chemical 328,10328-00-0,CCN,fish_96h_lc50,pharma,Danio rerio,Danio,DemoFamily,DemoOrder,DemoClass,Chordata,consumer,96,freshwater,23.09417897226322,7.467069728722906,1995,demo,mortality,0.0017973954369041182,mmol/L,-2.7453563651989987,212.84705446150556,2.283116968537665,34.668074605383154,6.5400858678538505,0.5733982538538427,-0.4655867795886001,0.24477628379865687,5.0,False,False
CHEM_00329,Demo chemical 329,10329-00-0,CC(C)N,algae_72h_ec50,pharma,Chlorella vulgaris,Chlorella,DemoFamily,DemoOrder,DemoClass,Chlorophyta,producer,72,freshwater,20.62281869490135,7.646821410672355,1998,demo,growth,0.006700553153675435,mmol/L,-2.1738893433181823,239.18771143740673,4.395701863559553,44.95942555076881,6.716368294209958,1.9250730375192184,-0.16484438157976464,0.7653425361362853,1.0,False,False
CHEM_00330,Demo chemical 330,10330-00-0,CC(=O)O,fish_96h_lc50,flame_retardant,Danio rerio,Danio,DemoFamily,DemoOrder,DemoClass,Chordata,consumer,96,freshwater,19.89368702386048,6.837850998405126,2014,demo,mortality,0.030038007446140474,mmol/L,-1.5223288793858076,169.68894911909177,4.373040432350959,63.413038835001025,5.057654986769226,1.3023701008272588,-0.18874421301122754,1.9079484933468815,5.0,False,False
CHEM_00331,Demo chemical 331,10331-00-0,CCN,fish_96h_lc50,pharma,Pimephales promelas,Pimephales,DemoFamily,DemoOrder,DemoClass,Chordata,consumer,96,freshwater,20.202614110306527,7.068905456781095,2024,demo,mortality,0.00276284587509936,mmol/L,-2.5586433414536778,138.18688952438572,2.3450328755826977,66.6628506415022,4.848496274910378,1.0154619389339117,-2.1582496627479273,1.4003659168813305,4.0,False,True
CHEM_00332,Demo chemical 332,10332-00-0,CC(C)N,daphnia_48h_ec50,flame_retardant,Daphnia magna,Daphnia,DemoFamily,DemoOrder,DemoClass,Arthropoda,consumer,48,freshwater,19.464410852649635,7.269696590224714,2006,demo,mortality,0.37707214108076653,mmol/L,-0.4235755530407689,230.24913153381738,1.8869163235799222,68.1227450941088,4.424227402262448,1.305352427583691,2.469196036692818,-0.05337484442851077,2.0,False,False
CHEM_00333,Demo chemical 333,10333-00-0,CCCCO,fish_96h_lc50,surfactant,Danio rerio,Danio,DemoFamily,DemoOrder,DemoClass,Chordata,consumer,96,freshwater,18.499561859515737,8.214248299448522,2012,demo,mortality,0.7057650786068531,mmol/L,-0.15133983441973106,293.0798282912866,3.4855640961212644,53.70126718485709,5.773652657598407,0.45732009692708475,2.4266677587313694,0.5125949934312284,1.0,False,False
CHEM_00334,Demo chemical 334,10334-00-0,C1CCCCC1,daphnia_48h_ec50,uv_filter,Moina macrocopa,Moina,DemoFamily,DemoOrder,DemoClass,Arthropoda,consumer,48,freshwater,20.118186666050036,7.243593633604974,1997,demo,mortality,0.026969682968616123,mmol/L,-1.5691241586931917,310.65313737825386,3.967166469325292,64.31397427771904,7.387532481524985,0.1596640453211623,0.43105449259965123,0.427636218879745,3.0,False,False
CHEM_00335,Demo chemical 335,10335-00-0,CC(C)O,fish_96h_lc50,uv_filter,Danio rerio,Danio,DemoFamily,DemoOrder,DemoClass,Chordata,consumer,96,freshwater,20.48084270825618,7.299914056497495,2008,demo,mortality,0.002312833280308297,mmol/L,-2.635855672050707,191.17893905917344,2.3362183240858094,66.4693010190122,1.023886512136294,1.868487522379247,-1.3730506595686418,-1.3076668983849393,5.0,False,False
CHEM_00336,Demo chemical 336,10336-00-0,CCOC(=O)C,algae_72h_ec50,uv_filter,Pseudokirchneriella subcapitata,Pseudokirchneriella,DemoFamily,DemoOrder,DemoClass,Chlorophyta,producer,72,freshwater,19.66131498595727,8.008895544708839,2016,demo,growth,0.01089749888138745,mmol/L,-1.9626731668899786,378.12571023163406,4.3994606467113755,39.83904258251944,2.5026222532600872,1.0730350177403636,0.60552520522431,0.954627793652306,4.0,False,False
CHEM_00337,Demo chemical 337,10337-00-0,CCN,algae_72h_ec50,flame_retardant,Raphidocelis subcapitata,Raphidocelis,DemoFamily,DemoOrder,DemoClass,Chlorophyta,producer,72,freshwater,17.62535378187545,7.40552787910694,2021,demo,growth,0.11749893776084466,mmol/L,-0.9299660595768313,110.89476299832546,2.2325060088017654,66.36718453149467,4.377421926822436,0.4366720499403872,-0.1378821889422362,1.431477113927417,3.0,False,True
CHEM_00338,Demo chemical 338,10338-00-0,CCOC(=O)C,fish_96h_lc50,pharma,Danio rerio,Danio,DemoFamily,DemoOrder,DemoClass,Chordata,consumer,96,freshwater,17.786835012424245,7.776222927309702,1995,demo,mortality,0.0004552213886248843,mmol/L,-3.341777340761628,393.53854234628693,1.7013256644678294,59.84547437788636,6.115669536257814,1.2178667209026628,-0.9145550467939221,-1.8527978150649458,2.0,False,False
CHEM_00339,Demo chemical 339,10339-00-0,CCOC(=O)C,algae_72h_ec50,uv_filter,Chlorella vulgaris,Chlorella,DemoFamily,DemoOrder,DemoClass,Chlorophyta,producer,72,freshwater,18.62309576479157,7.643341060405614,1998,demo,growth,0.2660883501408253,mmol/L,-0.5749741392791619,34.47979058460095,4.991396460641888,62.73313012507665,7.562076918484589,2.298869742378309,-0.819074664000045,0.35971149890410664,1.0,False,False
CHEM_00340,Demo chemical 340,10340-00-0,CCO,fish_96h_lc50,uv_filter,Pimephales promelas,Pimephales,DemoFamily,DemoOrder,DemoClass,Chordata,consumer,96,freshwater,20.23620693001292,6.27078789167148,2024,demo,mortality,0.12708068928510308,mmol/L,-0.8959204382271306,149.44130597045208,4.272978004582379,45.31853063712944,4.357783423410361,1.5137223618394102,-0.22746762760733732,0.4459283483384537,2.0,False,True
CHEM_00341,Demo chemical 341,10341-00-0,CCO,algae_72h_ec50,flame_retardant,Raphidocelis subcapitata,Raphidocelis,DemoFamily,DemoOrder,DemoClass,Chlorophyta,producer,72,freshwater,15.123325172440754,7.309151639192767,2024,demo,growth,1.1489972778159732,mmol/L,0.06031899976669944,142.44180797801644,3.8736477549459933,68.75346600386213,5.521891051762233,0.7175229348657552,1.0444918940505687,0.8011783722817295,3.0,False,True
CHEM_00342,Demo chemical 342,10342-00-0,CCOC(=O)C,daphnia_48h_ec50,surfactant,Ceriodaphnia dubia,Ceriodaphnia,DemoFamily,DemoOrder,DemoClass,Arthropoda,consumer,48,freshwater,21.697032210777007,8.11835859191146,2024,demo,mortality,0.05208329512913932,mmol/L,-1.2833015472675828,226.38266343034712,4.061137791881226,70.11770129070719,4.4801430252841605,0.7658366684628104,-1.706637306334278,0.7571183686744447,2.0,False,True
CHEM_00343,Demo chemical 343,10343-00-0,CCOC(=O)C,daphnia_48h_ec50,uv_filter,Ceriodaphnia dubia,Ceriodaphnia,DemoFamily,DemoOrder,DemoClass,Arthropoda,consumer,48,freshwater,19.7686543150411,7.575856199608955,2012,demo,mortality,0.03285675775600151,mmol/L,-1.483375294161731,344.44218099295756,5.768550791929342,74.85209918470584,1.8842474709382504,2.0376457571929274,0.044138896665593126,-1.1401847271486785,3.0,False,False
CHEM_00344,Demo chemical 344,10344-00-0,CCCOC,algae_72h_ec50,pharma,Raphidocelis subcapitata,Raphidocelis,DemoFamily,DemoOrder,DemoClass,Chlorophyta,producer,72,freshwater,17.994523975702826,8.59251548366382,2007,demo,growth,0.001087137662000574,mmol/L,-2.9637154586167616,409.2789503910911,2.9927804181772073,46.67968372079207,5.181764146983274,0.115212040528624,1.6588971676113125,-0.04191798217477153,2.0,False,False
CHEM_00345,Demo chemical 345,10345-00-0,C1CCCCC1,daphnia_48h_ec50,pharma,Daphnia magna,Daphnia,DemoFamily,DemoOrder,DemoClass,Arthropoda,consumer,48,freshwater,16.869743210999196,7.141421937550291,2001,demo,mortality,0.0027063417174479523,mmol/L,-2.567617367889044,281.08413450233724,2.852254036384447,75.74168884196409,1.6444204645982579,1.2505892218997738,-0.6982526968628611,-1.1994018258240353,4.0,False,False
CHEM_00346,Demo chemical 346,10346-00-0,CCO,fish_96h_lc50,uv_filter,Pimephales promelas,Pimephales,DemoFamily,DemoOrder,DemoClass,Chordata,consumer,96,freshwater,19.915390548654802,7.165847884460785,2007,demo,mortality,0.06614865591846472,mmol/L,-1.179478975862336,212.25122818228647,2.773460614553642,90.39049358618368,3.8824346968384655,0.3879230984820664,0.8809234631991979,0.1700243142545705,3.0,False,False
CHEM_00347,Demo chemical 347,10347-00-0,CCCOC,daphnia_48h_ec50,surfactant,Moina macrocopa,Moina,DemoFamily,DemoOrder,DemoClass,Arthropoda,consumer,48,freshwater,18.75797649038525,7.1220264657519605,2001,demo,mortality,0.034346564464257746,mmol/L,-1.464116696998421,284.14723840171405,2.962324719029302,62.9098609407062,0.7544653394669503,0.7131141171690953,-0.08382252150196365,0.5669706595837234,1.0,False,False
CHEM_00348,Demo chemical 348,10348-00-0,CCCCO,daphnia_48h_ec50,uv_filter,Daphnia magna,Daphnia,DemoFamily,DemoOrder,DemoClass,Arthropoda,consumer,48,freshwater,19.107748783294234,7.723287430219015,2023,demo,mortality,0.00560466572458361,mmol/L,-2.2514502846386684,320.8548522922186,5.065196159192574,75.90486024147518,4.303033943495957,1.220378088774227,-0.7870019834725421,1.3209100026698724,3.0,False,True
CHEM_00349,Demo chemical 349,10349-00-0,CCOC(=O)C,fish_96h_lc50,pharma,Danio rerio,Danio,DemoFamily,DemoOrder,DemoClass,Chordata,consumer,96,freshwater,18.582081957908315,6.986740878958536,2000,demo,mortality,0.022530232695831365,mmol/L,-1.6472343227904325,162.36850486271706,5.4369367076293855,62.01803070294136,0.9991591955589829,0.8439964978764647,-0.6232291834461349,-0.5929258703203995,1.0,False,False
CHEM_00350,Demo chemical 350,10350-00-0,CCCOC,daphnia_48h_ec50,surfactant,Ceriodaphnia dubia,Ceriodaphnia,DemoFamily,DemoOrder,DemoClass,Arthropoda,consumer,48,freshwater,22.15824755864842,7.503195723563177,2006,demo,mortality,0.1373645098398305,mmol/L,-0.8621254592099766,271.22541440623866,2.6082555109346592,57.57943168440049,5.5856942370353595,0.6081182331286797,0.7161957397126754,-1.8125883665686418,3.0,False,False
CHEM_00351,Demo chemical 351,10351-00-0,CC(C)N,fish_96h_lc50,flame_retardant,Pimephales promelas,Pimephales,DemoFamily,DemoOrder,DemoClass,Chordata,consumer,96,freshwater,22.218848378384113,7.146853794180959,2016,demo,mortality,0.04203735270245621,mmol/L,-1.3763646414286619,283.7749329149952,3.081695640854015,43.865074971088156,2.8329532424179193,2.309140169873332,0.5517282690437805,0.8685819377339127,5.0,False,False
CHEM_00352,Demo chemical 352,10352-00-0,CCCCO,algae_72h_ec50,pharma,Raphidocelis subcapitata,Raphidocelis,DemoFamily,DemoOrder,DemoClass,Chlorophyta,producer,72,freshwater,22.25896462589584,7.371385686138429,1995,demo,growth,0.000914503996487495,mmol/L,-3.038814392266653,262.3833795619071,0.205263362027146,41.87052101053237,1.8846904077542703,1.2598813268088362,-0.3566114765593062,-0.3266233335678035,3.0,False,False
CHEM_00353,Demo chemical 353,10353-00-0,C1CCCCC1,fish_96h_lc50,flame_retardant,Oncorhynchus mykiss,Oncorhynchus,DemoFamily,DemoOrder,DemoClass,Chordata,consumer,96,freshwater,19.90449076302292,7.391730497862523,2001,demo,mortality,0.05747120520038851,mmol/L,-1.240549695394749,70.74365912016441,3.0339993162408248,59.92621948703216,3.776086331536706,0.9161706770817515,-0.7811424922827788,-0.07837302812576266,3.0,False,False
CHEM_00354,Demo chemical 354,10354-00-0,c1ccccc1,fish_96h_lc50,flame_retardant,Oncorhynchus mykiss,Oncorhynchus,DemoFamily,DemoOrder,DemoClass,Chordata,consumer,96,freshwater,21.01053503186554,6.928200704654612,2006,demo,mortality,0.010462278580499753,mmol/L,-1.9803737201370057,310.2569651862292,2.023687822881708,38.98672201533702,7.569896245760276,0.5129192734837138,0.8663974003575995,0.16820580711125588,2.0,False,False
CHEM_00355,Demo chemical 355,10355-00-0,CC(=O)O,daphnia_48h_ec50,pharma,Ceriodaphnia dubia,Ceriodaphnia,DemoFamily,DemoOrder,DemoClass,Arthropoda,consumer,48,freshwater,18.021608456738644,7.923901444327294,2015,demo,mortality,1.2479813637982844,mmol/L,0.09620810004191832,264.33374196806994,6.928967690557647,66.02249485704048,1.003779316703906,2.280700098941674,1.6063611506307183,0.2000053082182553,2.0,False,False
CHEM_00356,Demo chemical 356,10356-00-0,CC(C)O,daphnia_48h_ec50,pharma,Moina macrocopa,Moina,DemoFamily,DemoOrder,DemoClass,Arthropoda,consumer,48,freshwater,19.85710919390479,7.512626266915966,2015,demo,mortality,0.002689041579533539,mmol/L,-2.5704024824095115,222.75951239745288,4.284737385107529,55.25952253920467,3.303231297875357,1.981832917313754,-0.8500241677122955,-0.8502073751390576,5.0,False,False
CHEM_00357,Demo chemical 357,10357-00-0,CC(C)N,fish_96h_lc50,uv_filter,Oncorhynchus mykiss,Oncorhynchus,DemoFamily,DemoOrder,DemoClass,Chordata,consumer,96,freshwater,21.46610718600876,7.461514606828721,2016,demo,mortality,0.01923400305275118,mmol/L,-1.7159303193602669,144.47758530651902,3.5142932194983576,99.62399997373927,6.282531939020739,0.29542566343084675,0.579269811898811,0.3502124978585262,1.0,False,False
CHEM_00358,Demo chemical 358,10358-00-0,c1ccccc1,daphnia_48h_ec50,flame_retardant,Moina macrocopa,Moina,DemoFamily,DemoOrder,DemoClass,Arthropoda,consumer,48,freshwater,19.07612962146594,6.9686419178147565,2016,demo,mortality,0.07711270696134997,mmol/L,-1.112874051151574,214.20290894348145,2.9886973157227215,60.50525662196781,7.95395073622636,0.5162930107660428,-0.014334004511910938,-0.5684420837177473,3.0,False,False
CHEM_00359,Demo chemical 359,10359-00-0,CCCOC,algae_72h_ec50,flame_retardant,Chlorella vulgaris,Chlorella,DemoFamily,DemoOrder,DemoClass,Chlorophyta,producer,72,freshwater,21.161245238893972,6.9487594633863905,2018,demo,growth,0.010695263155523558,mmol/L,-1.970808525203183,248.60528824407928,3.4522853222861913,63.49638654041614,3.0579994775014994,0.46214730694366835,-2.357487458987316,1.4697237645085452,4.0,False,False
